node,row_idx,is_train,is_test,is_clean,L_i_r_db,state_idx,A_hat_r_db
Node1-Bogota,0,True,False,True,-20.66532802581787,1,0.08338561538578004
Node1-Bogota,1,True,False,True,-21.737860679626465,0,0.29531949250273
Node1-Bogota,2,True,False,True,-20.105286598205566,3,0.03292154387910238
Node1-Bogota,3,True,False,True,-18.658864974975586,5,-0.372263002765271
Node1-Bogota,4,True,False,True,-18.23697566986084,5,-0.372263002765271
Node1-Bogota,5,True,False,True,-20.16659927368164,3,0.03292154387910238
Node1-Bogota,6,True,False,True,-20.141711235046387,3,0.03292154387910238
Node1-Bogota,7,True,False,True,-20.605077743530273,1,0.08338561538578004
Node1-Bogota,8,True,False,False,-20.159332275390625,3,0.03292154387910238
Node1-Bogota,9,True,False,True,-20.37473487854004,1,0.08338561538578004
Node1-Bogota,10,True,False,True,-21.55855083465576,0,0.29531949250273
Node1-Bogota,11,True,False,True,-17.46266460418701,5,-0.372263002765271
Node1-Bogota,12,True,False,True,-18.942298889160156,5,-0.372263002765271
Node1-Bogota,13,True,False,True,-20.195411682128906,2,0.06415396697761477
Node1-Bogota,14,True,False,True,-19.980624198913574,3,0.03292154387910238
Node1-Bogota,15,True,False,True,-20.747600555419922,1,0.08338561538578004
Node1-Bogota,16,True,False,True,-20.663555145263672,1,0.08338561538578004
Node1-Bogota,17,True,False,True,-19.764151573181152,4,-0.06021174719167312
Node1-Bogota,18,True,False,True,-20.084506034851074,3,0.03292154387910238
Node1-Bogota,19,True,False,True,-17.99094581604004,5,-0.372263002765271
Node1-Bogota,20,True,False,True,-19.602352142333984,4,-0.06021174719167312
Node1-Bogota,21,True,False,True,-19.661102294921875,4,-0.06021174719167312
Node1-Bogota,22,True,False,True,-21.078986167907715,0,0.29531949250273
Node1-Bogota,23,True,False,True,-21.190451622009277,0,0.29531949250273
Node1-Bogota,24,True,False,True,-20.71186923980713,1,0.08338561538578004
Node1-Bogota,25,True,False,True,-20.324837684631348,2,0.06415396697761477
Node1-Bogota,26,True,False,True,-19.520998001098633,4,-0.06021174719167312
Node1-Bogota,27,True,False,True,-18.927732467651367,5,-0.372263002765271
Node1-Bogota,28,True,False,True,-19.696260452270508,4,-0.06021174719167312
Node1-Bogota,29,True,False,True,-20.68975257873535,1,0.08338561538578004
Node1-Bogota,30,True,False,True,-16.83940887451172,5,-0.372263002765271
Node1-Bogota,31,True,False,True,-19.586015701293945,4,-0.06021174719167312
Node1-Bogota,32,True,False,True,-19.43614673614502,4,-0.06021174719167312
Node1-Bogota,33,True,False,True,-21.840115547180176,0,0.29531949250273
Node1-Bogota,34,True,False,True,-21.617124557495117,0,0.29531949250273
Node1-Bogota,35,True,False,True,-20.307044982910156,2,0.06415396697761477
Node1-Bogota,36,True,False,True,-20.353453636169434,1,0.08338561538578004
Node1-Bogota,37,True,False,True,-20.320104598999023,2,0.06415396697761477
Node1-Bogota,38,True,False,True,-20.718268394470215,1,0.08338561538578004
Node1-Bogota,39,True,False,True,-18.3845853805542,5,-0.372263002765271
Node1-Bogota,40,True,False,True,-22.103764533996582,0,0.29531949250273
Node1-Bogota,41,True,False,True,-21.78857707977295,0,0.29531949250273
Node1-Bogota,42,True,False,True,-20.182819366455078,2,0.06415396697761477
Node1-Bogota,43,True,False,True,-18.733444213867188,5,-0.372263002765271
Node1-Bogota,44,True,False,True,-18.777791023254395,5,-0.372263002765271
Node1-Bogota,45,True,False,True,-20.17240047454834,2,0.06415396697761477
Node1-Bogota,46,True,False,False,-18.515180587768555,5,-0.372263002765271
Node1-Bogota,47,True,False,True,-21.11414337158203,0,0.29531949250273
Node1-Bogota,48,True,False,True,-20.814990043640137,0,0.29531949250273
Node1-Bogota,49,True,False,True,-20.29243564605713,2,0.06415396697761477
Node1-Bogota,50,True,False,True,-19.85359287261963,3,0.03292154387910238
Node1-Bogota,51,True,False,True,-18.928680419921875,5,-0.372263002765271
Node1-Bogota,52,True,False,True,-19.078038215637207,4,-0.06021174719167312
Node1-Bogota,53,True,False,True,-20.179747581481934,2,0.06415396697761477
Node1-Bogota,54,True,False,True,-20.33139133453369,1,0.08338561538578004
Node1-Bogota,55,True,False,True,-19.650463104248047,4,-0.06021174719167312
Node1-Bogota,56,True,False,True,-21.146018028259277,0,0.29531949250273
Node1-Bogota,57,True,False,True,-20.172075271606445,3,0.03292154387910238
Node1-Bogota,58,True,False,True,-19.597311973571777,4,-0.06021174719167312
Node1-Bogota,59,True,False,True,-20.194944381713867,2,0.06415396697761477
Node1-Bogota,60,True,False,True,-20.212153434753418,2,0.06415396697761477
Node1-Bogota,61,True,False,True,-19.85336971282959,3,0.03292154387910238
Node1-Bogota,62,True,False,True,-20.30702781677246,2,0.06415396697761477
Node1-Bogota,63,True,False,True,-19.47497272491455,4,-0.06021174719167312
Node1-Bogota,64,True,False,True,-20.781121253967285,0,0.29531949250273
Node1-Bogota,65,True,False,True,-20.67383098602295,1,0.08338561538578004
Node1-Bogota,66,True,False,True,-18.931217193603516,5,-0.372263002765271
Node1-Bogota,67,True,False,True,-20.117487907409668,3,0.03292154387910238
Node1-Bogota,68,True,False,True,-20.11670970916748,3,0.03292154387910238
Node1-Bogota,69,True,False,True,-19.909903526306152,3,0.03292154387910238
Node1-Bogota,70,True,False,True,-20.457252502441406,1,0.08338561538578004
Node1-Bogota,71,True,False,True,-20.113205909729004,3,0.03292154387910238
Node1-Bogota,72,True,False,True,-19.753681182861328,4,-0.06021174719167312
Node1-Bogota,73,False,True,True,-21.20742416381836,0,0.29531949250273
Node1-Bogota,74,False,True,True,-20.246336936950684,2,0.06415396697761477
Node1-Bogota,75,False,True,True,-21.306159019470215,0,0.29531949250273
Node1-Bogota,76,False,True,True,-20.3341646194458,1,0.08338561538578004
Node1-Bogota,77,False,True,True,-20.262206077575684,2,0.06415396697761477
Node1-Bogota,78,False,True,True,-20.596863746643066,1,0.08338561538578004
Node1-Bogota,79,False,True,True,-19.998653411865234,3,0.03292154387910238
Node1-Bogota,80,False,True,True,-20.05019474029541,3,0.03292154387910238
Node1-Bogota,81,False,True,True,-20.93150806427002,0,0.29531949250273
Node1-Bogota,82,False,True,True,-20.114856719970703,3,0.03292154387910238
Node1-Bogota,83,False,True,True,-19.98532772064209,3,0.03292154387910238
Node1-Bogota,84,False,True,True,-19.862677574157715,3,0.03292154387910238
Node1-Bogota,85,False,True,True,-20.302560806274414,2,0.06415396697761477
Node1-Bogota,86,False,True,True,-19.88093852996826,3,0.03292154387910238
Node1-Bogota,87,False,True,True,-19.64988613128662,4,-0.06021174719167312
Node1-Bogota,88,False,True,True,-20.477526664733887,1,0.08338561538578004
Node1-Bogota,89,False,True,True,-20.2817325592041,2,0.06415396697761477
Node1-Bogota,90,False,True,True,-19.55447483062744,4,-0.06021174719167312
Node1-Bogota,91,False,True,True,-20.80668830871582,0,0.29531949250273
Node1-Bogota,92,False,True,True,-20.22466468811035,2,0.06415396697761477
Node1-Bogota,93,False,True,True,-19.919804573059082,3,0.03292154387910238
Node1-Bogota,94,False,True,True,-21.33256435394287,0,0.29531949250273
Node1-Bogota,95,False,True,True,-19.698519706726074,4,-0.06021174719167312
Node1-Bogota,96,False,True,True,-19.4883975982666,4,-0.06021174719167312
Node1-Bogota,97,False,True,True,-20.185592651367188,2,0.06415396697761477
Node1-Bogota,98,False,True,False,-18.3313627243042,5,-0.372263002765271
Node1-Bogota,99,False,True,True,-19.844998359680176,3,0.03292154387910238
Node1-Bogota,100,False,True,True,-20.696489334106445,1,0.08338561538578004
Node1-Bogota,101,False,True,True,-20.92215919494629,0,0.29531949250273
Node1-Bogota,102,False,True,True,-19.946821212768555,3,0.03292154387910238
Node1-Bogota,103,False,True,True,-21.494452476501465,0,0.29531949250273
Node1-Bogota,104,False,True,True,-19.911718368530273,3,0.03292154387910238
Node10-Bogota,0,True,False,True,-22.270305633544922,0,0.41075581358384716
Node10-Bogota,1,True,False,True,-20.55207347869873,1,0.031058584996896205
Node10-Bogota,2,True,False,True,-19.181425094604492,5,-0.451384562854619
Node10-Bogota,3,True,False,True,-19.05427646636963,5,-0.451384562854619
Node10-Bogota,4,True,False,True,-20.463183403015137,2,0.13794008890787762
Node10-Bogota,5,True,False,True,-20.40725612640381,2,0.13794008890787762
Node10-Bogota,6,True,False,True,-20.546990394592285,1,0.031058584996896205
Node10-Bogota,7,True,False,False,-20.552631378173828,1,0.031058584996896205
Node10-Bogota,8,True,False,False,-20.684669494628906,0,0.41075581358384716
Node10-Bogota,9,True,False,True,-21.57248020172119,0,0.41075581358384716
Node10-Bogota,10,True,False,True,-18.811628341674805,5,-0.451384562854619
Node10-Bogota,11,True,False,True,-20.387219429016113,2,0.13794008890787762
Node10-Bogota,12,True,False,True,-19.136330604553223,5,-0.451384562854619
Node10-Bogota,13,True,False,True,-20.29002094268799,3,0.09714866608612296
Node10-Bogota,14,True,False,True,-21.640746116638184,0,0.41075581358384716
Node10-Bogota,15,True,False,False,-20.676679611206055,1,0.031058584996896205
Node10-Bogota,16,True,False,True,-19.97270679473877,4,-0.25697137034216594
Node10-Bogota,17,True,False,True,-20.45728588104248,2,0.13794008890787762
Node10-Bogota,18,True,False,True,-18.741700172424316,5,-0.451384562854619
Node10-Bogota,19,True,False,True,-19.612361907958984,5,-0.451384562854619
Node10-Bogota,20,True,False,True,-20.32451057434082,3,0.09714866608612296
Node10-Bogota,21,True,False,True,-20.182897567749023,4,-0.25697137034216594
Node10-Bogota,22,True,False,True,-20.6104679107666,1,0.031058584996896205
Node10-Bogota,23,True,False,True,-20.46875,2,0.13794008890787762
Node10-Bogota,24,True,False,True,-20.06050205230713,4,-0.25697137034216594
Node10-Bogota,25,True,False,True,-19.994162559509277,4,-0.25697137034216594
Node10-Bogota,26,True,False,True,-19.28584098815918,5,-0.451384562854619
Node10-Bogota,27,True,False,True,-20.20524311065674,3,0.09714866608612296
Node10-Bogota,28,True,False,True,-20.269495010375977,3,0.09714866608612296
Node10-Bogota,29,True,False,True,-17.507742881774902,5,-0.451384562854619
Node10-Bogota,30,True,False,True,-20.390212059020996,2,0.13794008890787762
Node10-Bogota,31,True,False,True,-20.14617156982422,4,-0.25697137034216594
Node10-Bogota,32,True,False,True,-22.11712074279785,0,0.41075581358384716
Node10-Bogota,33,True,False,True,-21.77906894683838,0,0.41075581358384716
Node10-Bogota,34,True,False,True,-20.596856117248535,1,0.031058584996896205
Node10-Bogota,35,True,False,True,-20.41084384918213,2,0.13794008890787762
Node10-Bogota,36,True,False,True,-20.802053451538086,0,0.41075581358384716
Node10-Bogota,37,True,False,True,-20.799546241760254,0,0.41075581358384716
Node10-Bogota,38,True,False,True,-19.41771697998047,5,-0.451384562854619
Node10-Bogota,39,True,False,True,-21.127631187438965,0,0.41075581358384716
Node10-Bogota,40,True,False,True,-22.061333656311035,0,0.41075581358384716
Node10-Bogota,41,True,False,True,-20.567867279052734,1,0.031058584996896205
Node10-Bogota,42,True,False,True,-20.484642028808594,2,0.13794008890787762
Node10-Bogota,43,True,False,True,-20.469225883483887,2,0.13794008890787762
Node10-Bogota,44,True,False,True,-19.939183235168457,4,-0.25697137034216594
Node10-Bogota,45,True,False,True,-19.822285652160645,4,-0.25697137034216594
Node10-Bogota,46,True,False,True,-20.695130348205566,0,0.41075581358384716
Node10-Bogota,47,True,False,True,-20.640751838684082,1,0.031058584996896205
Node10-Bogota,48,True,False,True,-20.245885848999023,3,0.09714866608612296
Node10-Bogota,49,True,False,True,-20.33035373687744,3,0.09714866608612296
Node10-Bogota,50,True,False,True,-20.40379047393799,2,0.13794008890787762
Node10-Bogota,51,True,False,True,-19.690567016601562,5,-0.451384562854619
Node10-Bogota,52,True,False,True,-20.19080352783203,3,0.09714866608612296
Node10-Bogota,53,True,False,True,-20.60176658630371,1,0.031058584996896205
Node10-Bogota,54,True,False,True,-20.14485454559326,4,-0.25697137034216594
Node10-Bogota,55,True,False,True,-20.33382511138916,3,0.09714866608612296
Node10-Bogota,56,True,False,True,-20.04212188720703,4,-0.25697137034216594
Node10-Bogota,57,True,False,True,-20.27388572692871,3,0.09714866608612296
Node10-Bogota,58,True,False,True,-20.12475872039795,4,-0.25697137034216594
Node10-Bogota,59,True,False,True,-20.651063919067383,1,0.031058584996896205
Node10-Bogota,60,True,False,True,-20.31235408782959,3,0.09714866608612296
Node10-Bogota,61,True,False,True,-19.350563049316406,5,-0.451384562854619
Node10-Bogota,62,True,False,True,-19.725703239440918,5,-0.451384562854619
Node10-Bogota,63,True,False,True,-21.125900268554688,0,0.41075581358384716
Node10-Bogota,64,True,False,True,-20.348159790039062,2,0.13794008890787762
Node10-Bogota,65,True,False,True,-20.519341468811035,1,0.031058584996896205
Node10-Bogota,66,True,False,True,-20.548059463500977,1,0.031058584996896205
Node10-Bogota,67,True,False,True,-20.291963577270508,3,0.09714866608612296
Node10-Bogota,68,True,False,True,-20.143218994140625,4,-0.25697137034216594
Node10-Bogota,69,True,False,True,-20.9147367477417,0,0.41075581358384716
Node10-Bogota,70,True,False,True,-20.244897842407227,3,0.09714866608612296
Node10-Bogota,71,True,False,True,-20.505279541015625,1,0.031058584996896205
Node10-Bogota,72,False,True,True,-22.257734298706055,0,0.41075581358384716
Node10-Bogota,73,False,True,False,-21.171435356140137,0,0.41075581358384716
Node10-Bogota,74,False,True,True,-21.273412704467773,0,0.41075581358384716
Node10-Bogota,75,False,True,True,-20.413257598876953,2,0.13794008890787762
Node10-Bogota,76,False,True,True,-20.78641700744629,0,0.41075581358384716
Node10-Bogota,77,False,True,True,-20.32184886932373,3,0.09714866608612296
Node10-Bogota,78,False,True,True,-20.021879196166992,4,-0.25697137034216594
Node10-Bogota,79,False,True,True,-19.99428653717041,4,-0.25697137034216594
Node10-Bogota,80,False,True,True,-20.27365207672119,3,0.09714866608612296
Node10-Bogota,81,False,True,True,-20.45005702972412,2,0.13794008890787762
Node10-Bogota,82,False,True,True,-20.133599281311035,4,-0.25697137034216594
Node10-Bogota,83,False,True,True,-20.546276092529297,1,0.031058584996896205
Node10-Bogota,84,False,True,True,-20.215750694274902,3,0.09714866608612296
Node10-Bogota,85,False,True,True,-20.768478393554688,0,0.41075581358384716
Node10-Bogota,86,False,True,True,-20.61182403564453,1,0.031058584996896205
Node10-Bogota,87,False,True,True,-20.97174644470215,0,0.41075581358384716
Node10-Bogota,88,False,True,True,-20.433963775634766,2,0.13794008890787762
Node10-Bogota,89,False,True,True,-20.54471206665039,1,0.031058584996896205
Node10-Bogota,90,False,True,True,-20.459134101867676,2,0.13794008890787762
Node10-Bogota,91,False,True,True,-21.520995140075684,0,0.41075581358384716
Node10-Bogota,92,False,True,True,-20.825986862182617,0,0.41075581358384716
Node10-Bogota,93,False,True,True,-20.522496223449707,1,0.031058584996896205
Node10-Bogota,94,False,True,True,-20.146431922912598,4,-0.25697137034216594
Node10-Bogota,95,False,True,True,-20.46907901763916,2,0.13794008890787762
Node10-Bogota,96,False,True,True,-20.748401641845703,0,0.41075581358384716
Node10-Bogota,97,False,True,True,-20.81956386566162,0,0.41075581358384716
Node10-Bogota,98,False,True,True,-21.42623519897461,0,0.41075581358384716
Node10-Bogota,99,False,True,True,-20.42785930633545,2,0.13794008890787762
Node10-Bogota,100,False,True,True,-21.025137901306152,0,0.41075581358384716
Node10-Bogota,101,False,True,True,-20.271183967590332,3,0.09714866608612296
Node10-Bogota,102,False,True,True,-20.56791591644287,1,0.031058584996896205
Node10-Bogota,103,False,True,True,-20.16680908203125,4,-0.25697137034216594
Node2-Bogota,0,True,False,True,-20.73792839050293,2,0.2253384608630986
Node2-Bogota,1,True,False,True,-22.264535903930664,0,0.10935112210207208
Node2-Bogota,2,True,False,True,-20.631742477416992,2,0.2253384608630986
Node2-Bogota,3,True,False,True,-19.902531623840332,4,-0.2225930700006411
Node2-Bogota,4,True,False,True,-17.78686809539795,5,-0.24242407868998922
Node2-Bogota,5,True,False,True,-20.763395309448242,2,0.2253384608630986
Node2-Bogota,6,True,False,True,-20.542866706848145,3,0.10615283481834471
Node2-Bogota,7,True,False,True,-20.804308891296387,1,0.04716406358304874
Node2-Bogota,8,True,False,True,-19.98229217529297,4,-0.2225930700006411
Node2-Bogota,9,True,False,True,-20.95466709136963,1,0.04716406358304874
Node2-Bogota,10,True,False,True,-20.75294780731201,2,0.2253384608630986
Node2-Bogota,11,True,False,True,-18.47575855255127,5,-0.24242407868998922
Node2-Bogota,12,True,False,True,-17.61924457550049,5,-0.24242407868998922
Node2-Bogota,13,True,False,True,-20.84408187866211,1,0.04716406358304874
Node2-Bogota,14,True,False,True,-21.16865348815918,0,0.10935112210207208
Node2-Bogota,15,True,False,True,-21.302440643310547,0,0.10935112210207208
Node2-Bogota,16,True,False,True,-20.979276657104492,1,0.04716406358304874
Node2-Bogota,17,True,False,True,-20.207414627075195,4,-0.2225930700006411
Node2-Bogota,18,True,False,True,-20.74613380432129,2,0.2253384608630986
Node2-Bogota,19,True,False,True,-17.741150856018066,5,-0.24242407868998922
Node2-Bogota,20,True,False,True,-20.427870750427246,3,0.10615283481834471
Node2-Bogota,21,True,False,True,-20.265859603881836,3,0.10615283481834471
Node2-Bogota,22,True,False,True,-21.534908294677734,0,0.10935112210207208
Node2-Bogota,23,True,False,True,-21.817657470703125,0,0.10935112210207208
Node2-Bogota,24,True,False,True,-21.052087783813477,1,0.04716406358304874
Node2-Bogota,25,True,False,True,-20.17090129852295,4,-0.2225930700006411
Node2-Bogota,26,True,False,True,-20.538297653198242,3,0.10615283481834471
Node2-Bogota,27,True,False,True,-20.343361854553223,3,0.10615283481834471
Node2-Bogota,28,True,False,True,-19.01740550994873,5,-0.24242407868998922
Node2-Bogota,29,True,False,True,-20.872451782226562,1,0.04716406358304874
Node2-Bogota,30,True,False,True,-15.1444673538208,5,-0.24242407868998922
Node2-Bogota,31,True,False,True,-20.58519172668457,2,0.2253384608630986
Node2-Bogota,32,True,False,True,-19.39810848236084,5,-0.24242407868998922
Node2-Bogota,33,True,False,True,-21.48953151702881,0,0.10935112210207208
Node2-Bogota,34,True,False,True,-21.514450073242188,0,0.10935112210207208
Node2-Bogota,35,True,False,True,-20.558507919311523,3,0.10615283481834471
Node2-Bogota,36,True,False,True,-20.002144813537598,4,-0.2225930700006411
Node2-Bogota,37,True,False,True,-20.498766899108887,3,0.10615283481834471
Node2-Bogota,38,True,False,True,-21.058127403259277,0,0.10935112210207208
Node2-Bogota,39,True,False,True,-18.113320350646973,5,-0.24242407868998922
Node2-Bogota,40,True,False,True,-21.276957511901855,0,0.10935112210207208
Node2-Bogota,41,True,False,True,-21.786394119262695,0,0.10935112210207208
Node2-Bogota,42,True,False,True,-20.32188892364502,3,0.10615283481834471
Node2-Bogota,43,True,False,True,-19.859124183654785,5,-0.24242407868998922
Node2-Bogota,44,True,False,True,-19.90226459503174,5,-0.24242407868998922
Node2-Bogota,45,True,False,True,-20.27719211578369,3,0.10615283481834471
Node2-Bogota,46,True,False,True,-19.903918266296387,4,-0.2225930700006411
Node2-Bogota,47,True,False,True,-20.988057136535645,1,0.04716406358304874
Node2-Bogota,48,True,False,True,-20.812691688537598,1,0.04716406358304874
Node2-Bogota,49,True,False,True,-20.826539993286133,1,0.04716406358304874
Node2-Bogota,50,True,False,True,-20.686123847961426,2,0.2253384608630986
Node2-Bogota,51,True,False,True,-19.94719123840332,4,-0.2225930700006411
Node2-Bogota,52,True,False,True,-19.998279571533203,4,-0.2225930700006411
Node2-Bogota,53,True,False,True,-20.057427406311035,4,-0.2225930700006411
Node2-Bogota,54,True,False,True,-21.56027317047119,0,0.10935112210207208
Node2-Bogota,55,True,False,True,-19.511473655700684,5,-0.24242407868998922
Node2-Bogota,56,True,False,True,-20.743098258972168,2,0.2253384608630986
Node2-Bogota,57,True,False,True,-19.93319606781006,4,-0.2225930700006411
Node2-Bogota,58,True,False,True,-20.027158737182617,4,-0.2225930700006411
Node2-Bogota,59,True,False,True,-20.37993335723877,3,0.10615283481834471
Node2-Bogota,60,True,False,True,-20.6376953125,2,0.2253384608630986
Node2-Bogota,61,True,False,True,-20.96428680419922,1,0.04716406358304874
Node2-Bogota,62,True,False,True,-19.72068691253662,5,-0.24242407868998922
Node2-Bogota,63,True,False,True,-19.999584197998047,4,-0.2225930700006411
Node2-Bogota,64,True,False,True,-21.343841552734375,0,0.10935112210207208
Node2-Bogota,65,True,False,True,-20.756165504455566,2,0.2253384608630986
Node2-Bogota,66,True,False,True,-20.545080184936523,3,0.10615283481834471
Node2-Bogota,67,True,False,False,-20.64320468902588,2,0.2253384608630986
Node2-Bogota,68,True,False,True,-20.70212459564209,2,0.2253384608630986
Node2-Bogota,69,True,False,True,-20.34908676147461,3,0.10615283481834471
Node2-Bogota,70,True,False,True,-20.799023628234863,1,0.04716406358304874
Node2-Bogota,71,True,False,True,-20.70683765411377,2,0.2253384608630986
Node2-Bogota,72,True,False,True,-21.014491081237793,1,0.04716406358304874
Node2-Bogota,73,False,True,True,-22.079916954040527,0,0.10935112210207208
Node2-Bogota,74,False,True,True,-20.8927059173584,1,0.04716406358304874
Node2-Bogota,75,False,True,True,-20.94229030609131,1,0.04716406358304874
Node2-Bogota,76,False,True,True,-20.99824810028076,1,0.04716406358304874
Node2-Bogota,77,False,True,True,-21.027973175048828,1,0.04716406358304874
Node2-Bogota,78,False,True,True,-20.865849494934082,1,0.04716406358304874
Node2-Bogota,79,False,True,True,-20.61538600921631,2,0.2253384608630986
Node2-Bogota,80,False,True,True,-20.671854972839355,2,0.2253384608630986
Node2-Bogota,81,False,True,True,-20.808401107788086,1,0.04716406358304874
Node2-Bogota,82,False,True,True,-20.146759033203125,4,-0.2225930700006411
Node2-Bogota,83,False,True,True,-20.780099868774414,1,0.04716406358304874
Node2-Bogota,84,False,True,True,-20.671422004699707,2,0.2253384608630986
Node2-Bogota,85,False,True,True,-20.827375411987305,1,0.04716406358304874
Node2-Bogota,86,False,True,True,-19.987550735473633,4,-0.2225930700006411
Node2-Bogota,87,False,True,True,-20.27231788635254,3,0.10615283481834471
Node2-Bogota,88,False,True,True,-20.82025718688965,1,0.04716406358304874
Node2-Bogota,89,False,True,True,-20.88975238800049,1,0.04716406358304874
Node2-Bogota,90,False,True,True,-20.64768409729004,2,0.2253384608630986
Node2-Bogota,91,False,True,True,-21.21715259552002,0,0.10935112210207208
Node2-Bogota,92,False,True,True,-21.662693977355957,0,0.10935112210207208
Node2-Bogota,93,False,True,True,-20.38727855682373,3,0.10615283481834471
Node2-Bogota,94,False,True,True,-20.704262733459473,2,0.2253384608630986
Node2-Bogota,95,False,True,True,-20.135055541992188,4,-0.2225930700006411
Node2-Bogota,96,False,True,True,-20.720006942749023,2,0.2253384608630986
Node2-Bogota,97,False,True,True,-21.037470817565918,1,0.04716406358304874
Node2-Bogota,98,False,True,True,-19.0526180267334,5,-0.24242407868998922
Node2-Bogota,99,False,True,True,-20.473849296569824,3,0.10615283481834471
Node2-Bogota,100,False,True,True,-21.021574020385742,1,0.04716406358304874
Node2-Bogota,101,False,True,True,-20.917518615722656,1,0.04716406358304874
Node2-Bogota,102,False,True,True,-20.769981384277344,2,0.2253384608630986
Node2-Bogota,103,False,True,True,-20.464879989624023,3,0.10615283481834471
Node2-Bogota,104,False,True,True,-20.297195434570312,3,0.10615283481834471
Node3-Bogota,0,True,False,True,-20.093706130981445,1,-0.08707461246224332
Node3-Bogota,1,True,False,True,-20.351369857788086,0,0.11247139198835507
Node3-Bogota,2,True,False,True,-20.06934356689453,2,-0.15882992189983997
Node3-Bogota,3,True,False,True,-19.58091926574707,5,0.08475904686506402
Node3-Bogota,4,True,False,True,-19.442827224731445,5,0.08475904686506402
Node3-Bogota,5,True,False,True,-19.821550369262695,3,0.014124203097912708
Node3-Bogota,6,True,False,True,-19.734729766845703,4,-0.08581152627634447
Node3-Bogota,7,True,False,True,-19.750362396240234,4,-0.08581152627634447
Node3-Bogota,8,True,False,True,-19.54872703552246,5,0.08475904686506402
Node3-Bogota,9,True,False,True,-19.7352352142334,4,-0.08581152627634447
Node3-Bogota,10,True,False,True,-19.799711227416992,4,-0.08581152627634447
Node3-Bogota,11,True,False,True,-18.73932456970215,5,0.08475904686506402
Node3-Bogota,12,True,False,True,-18.896299362182617,5,0.08475904686506402
Node3-Bogota,13,True,False,True,-19.92366313934326,3,0.014124203097912708
Node3-Bogota,14,True,False,True,-20.03952693939209,2,-0.15882992189983997
Node3-Bogota,15,True,False,True,-19.99277400970459,2,-0.15882992189983997
Node3-Bogota,16,True,False,True,-19.715974807739258,4,-0.08581152627634447
Node3-Bogota,17,True,False,True,-19.680636405944824,4,-0.08581152627634447
Node3-Bogota,18,True,False,True,-19.979907989501953,3,0.014124203097912708
Node3-Bogota,19,True,False,True,-19.256258964538574,5,0.08475904686506402
Node3-Bogota,20,True,False,True,-19.759552001953125,4,-0.08581152627634447
Node3-Bogota,21,True,False,True,-19.605998992919922,5,0.08475904686506402
Node3-Bogota,22,True,False,True,-20.03671646118164,2,-0.15882992189983997
Node3-Bogota,23,True,False,True,-20.05137825012207,2,-0.15882992189983997
Node3-Bogota,24,True,False,True,-20.03415298461914,2,-0.15882992189983997
Node3-Bogota,25,True,False,True,-19.937005043029785,3,0.014124203097912708
Node3-Bogota,26,True,False,True,-19.850255012512207,3,0.014124203097912708
Node3-Bogota,27,True,False,True,-19.473995208740234,5,0.08475904686506402
Node3-Bogota,28,True,False,True,-20.089743614196777,1,-0.08707461246224332
Node3-Bogota,29,True,False,True,-20.133241653442383,1,-0.08707461246224332
Node3-Bogota,30,True,False,True,-19.39793109893799,5,0.08475904686506402
Node3-Bogota,31,True,False,True,-19.751358032226562,4,-0.08581152627634447
Node3-Bogota,32,True,False,True,-19.786218643188477,4,-0.08581152627634447
Node3-Bogota,33,True,False,True,-20.074458122253418,1,-0.08707461246224332
Node3-Bogota,34,True,False,True,-19.92722511291504,3,0.014124203097912708
Node3-Bogota,35,True,False,True,-19.723915100097656,4,-0.08581152627634447
Node3-Bogota,36,True,False,True,-19.844046592712402,3,0.014124203097912708
Node3-Bogota,37,True,False,True,-20.02065372467041,2,-0.15882992189983997
Node3-Bogota,38,True,False,True,-20.10597324371338,1,-0.08707461246224332
Node3-Bogota,39,True,False,True,-19.34562873840332,5,0.08475904686506402
Node3-Bogota,40,True,False,True,-20.10054874420166,1,-0.08707461246224332
Node3-Bogota,41,True,False,True,-20.124004364013672,1,-0.08707461246224332
Node3-Bogota,42,True,False,True,-20.090120315551758,1,-0.08707461246224332
Node3-Bogota,43,True,False,True,-19.51863384246826,5,0.08475904686506402
Node3-Bogota,44,True,False,True,-19.224812507629395,5,0.08475904686506402
Node3-Bogota,45,True,False,True,-19.979121208190918,3,0.014124203097912708
Node3-Bogota,46,True,False,True,-19.67800998687744,5,0.08475904686506402
Node3-Bogota,47,True,False,True,-20.038403511047363,2,-0.15882992189983997
Node3-Bogota,48,True,False,True,-20.06936740875244,1,-0.08707461246224332
Node3-Bogota,49,True,False,True,-19.864761352539062,3,0.014124203097912708
Node3-Bogota,50,True,False,True,-19.788125038146973,4,-0.08581152627634447
Node3-Bogota,51,True,False,True,-19.871929168701172,3,0.014124203097912708
Node3-Bogota,52,True,False,True,-20.042033195495605,2,-0.15882992189983997
Node3-Bogota,53,True,False,True,-20.042908668518066,2,-0.15882992189983997
Node3-Bogota,54,True,False,True,-20.23652744293213,0,0.11247139198835507
Node3-Bogota,55,True,False,True,-20.193058967590332,0,0.11247139198835507
Node3-Bogota,56,True,False,True,-20.14012050628662,0,0.11247139198835507
Node3-Bogota,57,True,False,True,-20.191020011901855,0,0.11247139198835507
Node3-Bogota,58,True,False,True,-20.222829818725586,0,0.11247139198835507
Node3-Bogota,59,True,False,True,-20.15736484527588,0,0.11247139198835507
Node3-Bogota,60,True,False,True,-20.23214340209961,0,0.11247139198835507
Node3-Bogota,61,True,False,True,-20.09494400024414,1,-0.08707461246224332
Node3-Bogota,62,True,False,True,-19.76239013671875,4,-0.08581152627634447
Node3-Bogota,63,True,False,True,-20.1974515914917,0,0.11247139198835507
Node3-Bogota,64,True,False,True,-20.3034086227417,0,0.11247139198835507
Node3-Bogota,65,True,False,True,-20.230034828186035,0,0.11247139198835507
Node3-Bogota,66,True,False,True,-19.974528312683105,3,0.014124203097912708
Node3-Bogota,67,True,False,True,-20.192060470581055,0,0.11247139198835507
Node3-Bogota,68,True,False,True,-20.080703735351562,1,-0.08707461246224332
Node3-Bogota,69,True,False,True,-19.94247055053711,3,0.014124203097912708
Node3-Bogota,70,True,False,True,-20.020488739013672,2,-0.15882992189983997
Node3-Bogota,71,True,False,True,-20.034345626831055,2,-0.15882992189983997
Node3-Bogota,72,True,False,True,-20.130992889404297,1,-0.08707461246224332
Node3-Bogota,73,False,True,True,-20.288636207580566,0,0.11247139198835507
Node3-Bogota,74,False,True,True,-19.959653854370117,3,0.014124203097912708
Node3-Bogota,75,False,True,True,-20.24642848968506,0,0.11247139198835507
Node3-Bogota,76,False,True,True,-20.192051887512207,0,0.11247139198835507
Node3-Bogota,77,False,True,True,-20.179533004760742,0,0.11247139198835507
Node3-Bogota,78,False,True,True,-20.1773681640625,0,0.11247139198835507
Node3-Bogota,79,False,True,True,-20.06502628326416,2,-0.15882992189983997
Node3-Bogota,80,False,True,True,-20.17711353302002,0,0.11247139198835507
Node3-Bogota,81,False,True,True,-20.075797080993652,1,-0.08707461246224332
Node3-Bogota,82,False,True,True,-20.064847946166992,2,-0.15882992189983997
Node3-Bogota,83,False,True,True,-20.039361000061035,2,-0.15882992189983997
Node3-Bogota,84,False,True,True,-20.15666961669922,0,0.11247139198835507
Node3-Bogota,85,False,True,True,-20.031875610351562,2,-0.15882992189983997
Node3-Bogota,86,False,True,True,-19.672517776489258,5,0.08475904686506402
Node3-Bogota,87,False,True,True,-20.08157253265381,1,-0.08707461246224332
Node3-Bogota,88,False,True,True,-20.1926326751709,0,0.11247139198835507
Node3-Bogota,89,False,True,True,-20.126896858215332,1,-0.08707461246224332
Node3-Bogota,90,False,True,True,-19.806340217590332,3,0.014124203097912708
Node3-Bogota,91,False,True,True,-20.097612380981445,1,-0.08707461246224332
Node3-Bogota,92,False,True,True,-20.13063621520996,1,-0.08707461246224332
Node3-Bogota,93,False,True,True,-20.07957935333252,1,-0.08707461246224332
Node3-Bogota,94,False,True,True,-20.099350929260254,1,-0.08707461246224332
Node3-Bogota,95,False,True,True,-20.115524291992188,1,-0.08707461246224332
Node3-Bogota,96,False,True,True,-19.734516143798828,4,-0.08581152627634447
Node3-Bogota,97,False,True,True,-20.109063148498535,1,-0.08707461246224332
Node3-Bogota,98,False,True,True,-19.441478729248047,5,0.08475904686506402
Node3-Bogota,99,False,True,True,-19.998387336730957,2,-0.15882992189983997
Node3-Bogota,100,False,True,True,-20.163999557495117,0,0.11247139198835507
Node3-Bogota,101,False,True,True,-20.231087684631348,0,0.11247139198835507
Node3-Bogota,102,False,True,True,-20.113430976867676,1,-0.08707461246224332
Node3-Bogota,103,False,True,True,-20.153130531311035,0,0.11247139198835507
Node3-Bogota,104,False,True,True,-19.939403533935547,3,0.014124203097912708
Node4-Bogota,0,True,False,True,-20.54991912841797,1,0.1958605180415072
Node4-Bogota,1,True,False,True,-21.197352409362793,0,-0.028356631596883126
Node4-Bogota,2,True,False,True,-20.386798858642578,1,0.1958605180415072
Node4-Bogota,3,True,False,True,-19.54517936706543,4,-0.045554604641226834
Node4-Bogota,4,True,False,True,-19.349690437316895,5,0.11385195569474568
Node4-Bogota,5,True,False,True,-20.134016036987305,2,-0.0723088822623556
Node4-Bogota,6,True,False,True,-20.413904190063477,1,0.1958605180415072
Node4-Bogota,7,True,False,True,-20.323528289794922,1,0.1958605180415072
Node4-Bogota,8,True,False,True,-20.070677757263184,2,-0.0723088822623556
Node4-Bogota,9,True,False,True,-20.717315673828125,0,-0.028356631596883126
Node4-Bogota,10,True,False,True,-20.741257667541504,0,-0.028356631596883126
Node4-Bogota,11,True,False,True,-19.70177936553955,4,-0.045554604641226834
Node4-Bogota,12,True,False,True,-20.543285369873047,1,0.1958605180415072
Node4-Bogota,13,True,False,True,-19.67583656311035,4,-0.045554604641226834
Node4-Bogota,14,True,False,True,-20.771896362304688,0,-0.028356631596883126
Node4-Bogota,15,True,False,True,-21.094677925109863,0,-0.028356631596883126
Node4-Bogota,16,True,False,True,-20.55714988708496,0,-0.028356631596883126
Node4-Bogota,17,True,False,True,-20.000876426696777,2,-0.0723088822623556
Node4-Bogota,18,True,False,True,-20.01875114440918,2,-0.0723088822623556
Node4-Bogota,19,True,False,True,-18.977401733398438,5,0.11385195569474568
Node4-Bogota,20,True,False,True,-19.588836669921875,4,-0.045554604641226834
Node4-Bogota,21,True,False,True,-20.041752815246582,2,-0.0723088822623556
Node4-Bogota,22,True,False,True,-19.65228843688965,4,-0.045554604641226834
Node4-Bogota,23,True,False,True,-19.87578773498535,3,-0.21920619269674135
Node4-Bogota,24,True,False,True,-19.811044692993164,3,-0.21920619269674135
Node4-Bogota,25,True,False,True,-20.353224754333496,1,0.1958605180415072
Node4-Bogota,26,True,False,True,-19.648606300354004,4,-0.045554604641226834
Node4-Bogota,27,True,False,True,-19.71045970916748,4,-0.045554604641226834
Node4-Bogota,28,True,False,True,-18.85860252380371,5,0.11385195569474568
Node4-Bogota,29,True,False,True,-19.78630256652832,3,-0.21920619269674135
Node4-Bogota,30,True,False,True,-18.23110580444336,5,0.11385195569474568
Node4-Bogota,31,True,False,True,-19.756881713867188,3,-0.21920619269674135
Node4-Bogota,32,True,False,True,-20.00049877166748,2,-0.0723088822623556
Node4-Bogota,33,True,False,True,-21.125850677490234,0,-0.028356631596883126
Node4-Bogota,34,True,False,True,-21.015117645263672,0,-0.028356631596883126
Node4-Bogota,35,True,False,True,-19.727907180786133,4,-0.045554604641226834
Node4-Bogota,36,True,False,True,-20.14395236968994,2,-0.0723088822623556
Node4-Bogota,37,True,False,True,-20.829766273498535,0,-0.028356631596883126
Node4-Bogota,38,True,False,True,-20.24060821533203,1,0.1958605180415072
Node4-Bogota,39,True,False,True,-18.83804225921631,5,0.11385195569474568
Node4-Bogota,40,True,False,True,-20.43056011199951,1,0.1958605180415072
Node4-Bogota,41,True,False,True,-20.637866020202637,0,-0.028356631596883126
Node4-Bogota,42,True,False,True,-19.636284828186035,4,-0.045554604641226834
Node4-Bogota,43,True,False,True,-20.304698944091797,1,0.1958605180415072
Node4-Bogota,44,True,False,True,-19.880066871643066,3,-0.21920619269674135
Node4-Bogota,45,True,False,True,-19.04222869873047,5,0.11385195569474568
Node4-Bogota,46,True,False,True,-19.966803550720215,2,-0.0723088822623556
Node4-Bogota,47,True,False,True,-19.979307174682617,2,-0.0723088822623556
Node4-Bogota,48,True,False,True,-20.834577560424805,0,-0.028356631596883126
Node4-Bogota,49,True,False,True,-19.825676918029785,3,-0.21920619269674135
Node4-Bogota,50,True,False,True,-19.95638656616211,3,-0.21920619269674135
Node4-Bogota,51,True,False,True,-19.910365104675293,3,-0.21920619269674135
Node4-Bogota,52,True,False,True,-19.45289707183838,5,0.11385195569474568
Node4-Bogota,53,True,False,True,-19.80395221710205,3,-0.21920619269674135
Node4-Bogota,54,True,False,True,-20.27431583404541,1,0.1958605180415072
Node4-Bogota,55,True,False,True,-18.53402805328369,5,0.11385195569474568
Node4-Bogota,56,True,False,True,-20.40148162841797,1,0.1958605180415072
Node4-Bogota,57,True,False,True,-19.70108127593994,4,-0.045554604641226834
Node4-Bogota,58,True,False,True,-20.370304107666016,1,0.1958605180415072
Node4-Bogota,59,True,False,True,-19.770623207092285,3,-0.21920619269674135
Node4-Bogota,60,True,False,True,-19.177711486816406,5,0.11385195569474568
Node4-Bogota,61,True,False,False,-19.328444480895996,5,0.11385195569474568
Node4-Bogota,62,True,False,True,-18.71996021270752,5,0.11385195569474568
Node4-Bogota,63,True,False,True,-19.493081092834473,5,0.11385195569474568
Node4-Bogota,64,True,False,True,-20.00745391845703,2,-0.0723088822623556
Node4-Bogota,65,True,False,True,-19.766377449035645,3,-0.21920619269674135
Node4-Bogota,66,True,False,True,-19.739590644836426,4,-0.045554604641226834
Node4-Bogota,67,True,False,True,-21.10888957977295,0,-0.028356631596883126
Node4-Bogota,68,True,False,True,-19.537643432617188,5,0.11385195569474568
Node4-Bogota,69,True,False,True,-19.83538055419922,3,-0.21920619269674135
Node4-Bogota,70,True,False,True,-20.204343795776367,2,-0.0723088822623556
Node4-Bogota,71,True,False,True,-19.662205696105957,4,-0.045554604641226834
Node4-Bogota,72,True,False,True,-19.9988374710083,2,-0.0723088822623556
Node4-Bogota,73,False,True,False,-21.36706829071045,0,-0.028356631596883126
Node4-Bogota,74,False,True,True,-20.342538833618164,1,0.1958605180415072
Node4-Bogota,75,False,True,False,-21.350852966308594,0,-0.028356631596883126
Node4-Bogota,76,False,True,True,-19.756671905517578,3,-0.21920619269674135
Node4-Bogota,77,False,True,True,-20.31811809539795,1,0.1958605180415072
Node4-Bogota,78,False,True,True,-19.97008991241455,2,-0.0723088822623556
Node4-Bogota,79,False,True,True,-19.736494064331055,4,-0.045554604641226834
Node4-Bogota,80,False,True,True,-19.128482818603516,5,0.11385195569474568
Node4-Bogota,81,False,True,True,-20.288375854492188,1,0.1958605180415072
Node4-Bogota,82,False,True,True,-19.902183532714844,3,-0.21920619269674135
Node4-Bogota,83,False,True,True,-19.717066764831543,4,-0.045554604641226834
Node4-Bogota,84,False,True,True,-19.62912082672119,4,-0.045554604641226834
Node4-Bogota,85,False,True,True,-20.132460594177246,2,-0.0723088822623556
Node4-Bogota,86,False,True,True,-20.12356662750244,2,-0.0723088822623556
Node4-Bogota,87,False,True,True,-19.84390354156494,3,-0.21920619269674135
Node4-Bogota,88,False,True,True,-20.31077480316162,1,0.1958605180415072
Node4-Bogota,89,False,True,False,-19.12452793121338,5,0.11385195569474568
Node4-Bogota,90,False,True,True,-20.18068790435791,2,-0.0723088822623556
Node4-Bogota,91,False,True,True,-20.01764488220215,2,-0.0723088822623556
Node4-Bogota,92,False,True,True,-20.92827796936035,0,-0.028356631596883126
Node4-Bogota,93,False,True,True,-20.452786445617676,1,0.1958605180415072
Node4-Bogota,94,False,True,True,-19.935742378234863,3,-0.21920619269674135
Node4-Bogota,95,False,True,True,-19.474912643432617,5,0.11385195569474568
Node4-Bogota,96,False,True,True,-19.560797691345215,4,-0.045554604641226834
Node4-Bogota,97,False,True,True,-20.16370391845703,2,-0.0723088822623556
Node4-Bogota,98,False,True,True,-20.477492332458496,1,0.1958605180415072
Node4-Bogota,99,False,True,True,-20.433176040649414,1,0.1958605180415072
Node4-Bogota,100,False,True,True,-20.380976676940918,1,0.1958605180415072
Node4-Bogota,101,False,True,True,-19.745226860046387,4,-0.045554604641226834
Node4-Bogota,102,False,True,True,-19.682847023010254,4,-0.045554604641226834
Node4-Bogota,103,False,True,True,-20.659323692321777,0,-0.028356631596883126
Node4-Bogota,104,False,True,True,-19.706764221191406,4,-0.045554604641226834
Node5-Bogota,0,True,False,True,-21.468008995056152,0,0.2189240196878596
Node5-Bogota,1,True,False,False,-21.750669479370117,0,0.2189240196878596
Node5-Bogota,2,True,False,True,-20.509401321411133,2,0.02908539217571887
Node5-Bogota,3,True,False,True,-19.926755905151367,4,0.07336471616759782
Node5-Bogota,4,True,False,True,-18.49323844909668,5,-0.030615533045096004
Node5-Bogota,5,True,False,True,-20.45887279510498,2,0.02908539217571887
Node5-Bogota,6,True,False,True,-20.356616020202637,3,-0.13156397398128067
Node5-Bogota,7,True,False,True,-20.534713745117188,2,0.02908539217571887
Node5-Bogota,8,True,False,False,-20.53860092163086,2,0.02908539217571887
Node5-Bogota,9,True,False,True,-20.89652919769287,1,-0.18393298082573467
Node5-Bogota,10,True,False,True,-21.64177417755127,0,0.2189240196878596
Node5-Bogota,11,True,False,True,-19.081887245178223,5,-0.030615533045096004
Node5-Bogota,12,True,False,True,-21.49777126312256,0,0.2189240196878596
Node5-Bogota,13,True,False,True,-19.123021125793457,5,-0.030615533045096004
Node5-Bogota,14,True,False,True,-20.59859848022461,2,0.02908539217571887
Node5-Bogota,15,True,False,True,-21.279279708862305,0,0.2189240196878596
Node5-Bogota,16,True,False,True,-20.761347770690918,1,-0.18393298082573467
Node5-Bogota,17,True,False,True,-20.266587257385254,3,-0.13156397398128067
Node5-Bogota,18,True,False,True,-20.741066932678223,1,-0.18393298082573467
Node5-Bogota,19,True,False,True,-18.59303092956543,5,-0.030615533045096004
Node5-Bogota,20,True,False,True,-19.890191078186035,4,0.07336471616759782
Node5-Bogota,21,True,False,True,-20.34399127960205,3,-0.13156397398128067
Node5-Bogota,22,True,False,True,-21.22553253173828,0,0.2189240196878596
Node5-Bogota,23,True,False,True,-20.581544876098633,2,0.02908539217571887
Node5-Bogota,24,True,False,True,-20.16084861755371,3,-0.13156397398128067
Node5-Bogota,25,True,False,True,-20.402429580688477,3,-0.13156397398128067
Node5-Bogota,26,True,False,True,-20.574162483215332,2,0.02908539217571887
Node5-Bogota,27,True,False,True,-19.61471652984619,5,-0.030615533045096004
Node5-Bogota,28,True,False,True,-19.689702033996582,4,0.07336471616759782
Node5-Bogota,29,True,False,True,-20.325103759765625,3,-0.13156397398128067
Node5-Bogota,30,True,False,True,-16.746953010559082,5,-0.030615533045096004
Node5-Bogota,31,True,False,True,-20.3790922164917,3,-0.13156397398128067
Node5-Bogota,32,True,False,True,-20.253244400024414,3,-0.13156397398128067
Node5-Bogota,33,True,False,True,-21.49962043762207,0,0.2189240196878596
Node5-Bogota,34,True,False,True,-21.150081634521484,1,-0.18393298082573467
Node5-Bogota,35,True,False,True,-21.19840717315674,0,0.2189240196878596
Node5-Bogota,36,True,False,True,-20.57100486755371,2,0.02908539217571887
Node5-Bogota,37,True,False,True,-20.7377347946167,1,-0.18393298082573467
Node5-Bogota,38,True,False,True,-21.18909454345703,0,0.2189240196878596
Node5-Bogota,39,True,False,True,-18.973730087280273,5,-0.030615533045096004
Node5-Bogota,40,True,False,True,-21.34075355529785,0,0.2189240196878596
Node5-Bogota,41,True,False,True,-21.47233772277832,0,0.2189240196878596
Node5-Bogota,42,True,False,True,-20.960083961486816,1,-0.18393298082573467
Node5-Bogota,43,True,False,True,-21.25048065185547,0,0.2189240196878596
Node5-Bogota,44,True,False,True,-20.583529472351074,2,0.02908539217571887
Node5-Bogota,45,True,False,True,-19.69429111480713,4,0.07336471616759782
Node5-Bogota,46,True,False,True,-19.92617893218994,4,0.07336471616759782
Node5-Bogota,47,True,False,True,-20.63565444946289,2,0.02908539217571887
Node5-Bogota,48,True,False,True,-20.900026321411133,1,-0.18393298082573467
Node5-Bogota,49,True,False,True,-20.985791206359863,1,-0.18393298082573467
Node5-Bogota,50,True,False,True,-19.846299171447754,4,0.07336471616759782
Node5-Bogota,51,True,False,True,-20.266347885131836,3,-0.13156397398128067
Node5-Bogota,52,True,False,True,-19.271924018859863,5,-0.030615533045096004
Node5-Bogota,53,True,False,True,-20.61874485015869,2,0.02908539217571887
Node5-Bogota,54,True,False,True,-20.868802070617676,1,-0.18393298082573467
Node5-Bogota,55,True,False,True,-19.44521999359131,5,-0.030615533045096004
Node5-Bogota,56,True,False,True,-20.220738410949707,3,-0.13156397398128067
Node5-Bogota,57,True,False,True,-19.55812644958496,5,-0.030615533045096004
Node5-Bogota,58,True,False,True,-19.906858444213867,4,0.07336471616759782
Node5-Bogota,59,True,False,True,-20.08870029449463,4,0.07336471616759782
Node5-Bogota,60,True,False,True,-20.01880645751953,4,0.07336471616759782
Node5-Bogota,61,True,False,True,-20.456918716430664,2,0.02908539217571887
Node5-Bogota,62,True,False,True,-19.349380493164062,5,-0.030615533045096004
Node5-Bogota,63,True,False,True,-19.78823471069336,4,0.07336471616759782
Node5-Bogota,64,True,False,True,-21.24461269378662,0,0.2189240196878596
Node5-Bogota,65,True,False,True,-20.278199195861816,3,-0.13156397398128067
Node5-Bogota,66,True,False,True,-19.73413372039795,4,0.07336471616759782
Node5-Bogota,67,True,False,True,-20.828750610351562,1,-0.18393298082573467
Node5-Bogota,68,True,False,True,-19.70066547393799,4,0.07336471616759782
Node5-Bogota,69,True,False,True,-19.10186767578125,5,-0.030615533045096004
Node5-Bogota,70,True,False,True,-20.777586936950684,1,-0.18393298082573467
Node5-Bogota,71,True,False,True,-20.216092109680176,3,-0.13156397398128067
Node5-Bogota,72,True,False,True,-20.670869827270508,1,-0.18393298082573467
Node5-Bogota,73,False,True,True,-21.43450164794922,0,0.2189240196878596
Node5-Bogota,74,False,True,True,-20.742592811584473,1,-0.18393298082573467
Node5-Bogota,75,False,True,True,-21.238341331481934,0,0.2189240196878596
Node5-Bogota,76,False,True,True,-20.21916961669922,3,-0.13156397398128067
Node5-Bogota,77,False,True,True,-21.26635456085205,0,0.2189240196878596
Node5-Bogota,78,False,True,True,-20.74281883239746,1,-0.18393298082573467
Node5-Bogota,79,False,True,True,-20.20097255706787,3,-0.13156397398128067
Node5-Bogota,80,False,True,True,-19.45187759399414,5,-0.030615533045096004
Node5-Bogota,81,False,True,True,-20.639639854431152,2,0.02908539217571887
Node5-Bogota,82,False,True,True,-19.823728561401367,4,0.07336471616759782
Node5-Bogota,83,False,True,True,-20.329413414001465,3,-0.13156397398128067
Node5-Bogota,84,False,True,True,-20.108399391174316,4,0.07336471616759782
Node5-Bogota,85,False,True,True,-20.13951587677002,3,-0.13156397398128067
Node5-Bogota,86,False,True,True,-19.810009956359863,4,0.07336471616759782
Node5-Bogota,87,False,True,True,-20.262072563171387,3,-0.13156397398128067
Node5-Bogota,88,False,True,True,-21.014037132263184,1,-0.18393298082573467
Node5-Bogota,89,False,True,True,-20.525495529174805,2,0.02908539217571887
Node5-Bogota,90,False,True,True,-19.971006393432617,4,0.07336471616759782
Node5-Bogota,91,False,True,True,-20.458836555480957,2,0.02908539217571887
Node5-Bogota,92,False,True,True,-20.77967929840088,1,-0.18393298082573467
Node5-Bogota,93,False,True,True,-20.667593002319336,1,-0.18393298082573467
Node5-Bogota,94,False,True,True,-20.73481273651123,1,-0.18393298082573467
Node5-Bogota,95,False,True,True,-20.07372760772705,4,0.07336471616759782
Node5-Bogota,96,False,True,True,-20.065476417541504,4,0.07336471616759782
Node5-Bogota,97,False,True,True,-20.56619358062744,2,0.02908539217571887
Node5-Bogota,98,False,True,True,-20.922067642211914,1,-0.18393298082573467
Node5-Bogota,99,False,True,True,-21.016128540039062,1,-0.18393298082573467
Node5-Bogota,100,False,True,True,-20.31631088256836,3,-0.13156397398128067
Node5-Bogota,101,False,True,True,-20.512508392333984,2,0.02908539217571887
Node5-Bogota,102,False,True,True,-19.96898651123047,4,0.07336471616759782
Node5-Bogota,103,False,True,False,-21.301363945007324,0,0.2189240196878596
Node5-Bogota,104,False,True,True,-20.232784271240234,3,-0.13156397398128067
Node6-Bogota,0,True,False,True,-20.110474586486816,0,-0.06609707654908646
Node6-Bogota,1,True,False,True,-20.359673500061035,0,-0.06609707654908646
Node6-Bogota,2,True,False,True,-19.8359375,2,0.08660518291384672
Node6-Bogota,3,True,False,True,-19.795872688293457,3,0.015908204307851864
Node6-Bogota,4,True,False,True,-19.097455978393555,5,-0.07590915066327242
Node6-Bogota,5,True,False,True,-19.968300819396973,1,0.05812162998341763
Node6-Bogota,6,True,False,True,-19.865209579467773,2,0.08660518291384672
Node6-Bogota,7,True,False,True,-19.969453811645508,1,0.05812162998341763
Node6-Bogota,8,True,False,False,-19.816076278686523,2,0.08660518291384672
Node6-Bogota,9,True,False,True,-20.135188102722168,0,-0.06609707654908646
Node6-Bogota,10,True,False,True,-19.867493629455566,2,0.08660518291384672
Node6-Bogota,11,True,False,True,-19.72077751159668,4,-0.06899669188861701
Node6-Bogota,12,True,False,True,-19.500624656677246,5,-0.07590915066327242
Node6-Bogota,13,True,False,True,-19.88600730895996,2,0.08660518291384672
Node6-Bogota,14,True,False,True,-19.96763801574707,1,0.05812162998341763
Node6-Bogota,15,True,False,True,-20.039278984069824,0,-0.06609707654908646
Node6-Bogota,16,True,False,True,-19.79731845855713,3,0.015908204307851864
Node6-Bogota,17,True,False,True,-19.66485023498535,4,-0.06899669188861701
Node6-Bogota,18,True,False,True,-19.73773765563965,4,-0.06899669188861701
Node6-Bogota,19,True,False,True,-18.91694450378418,5,-0.07590915066327242
Node6-Bogota,20,True,False,True,-19.675865173339844,4,-0.06899669188861701
Node6-Bogota,21,True,False,True,-19.58436393737793,4,-0.06899669188861701
Node6-Bogota,22,True,False,True,-19.992114067077637,0,-0.06609707654908646
Node6-Bogota,23,True,False,True,-19.833776473999023,2,0.08660518291384672
Node6-Bogota,24,True,False,True,-20.00878620147705,0,-0.06609707654908646
Node6-Bogota,25,True,False,True,-19.788168907165527,3,0.015908204307851864
Node6-Bogota,26,True,False,True,-19.710664749145508,4,-0.06899669188861701
Node6-Bogota,27,True,False,True,-19.41862964630127,5,-0.07590915066327242
Node6-Bogota,28,True,False,True,-19.755417823791504,3,0.015908204307851864
Node6-Bogota,29,True,False,True,-19.895954132080078,1,0.05812162998341763
Node6-Bogota,30,True,False,True,-18.486580848693848,5,-0.07590915066327242
Node6-Bogota,31,True,False,True,-19.78250026702881,3,0.015908204307851864
Node6-Bogota,32,True,False,True,-19.802631378173828,3,0.015908204307851864
Node6-Bogota,33,True,False,True,-20.3084077835083,0,-0.06609707654908646
Node6-Bogota,34,True,False,True,-19.909178733825684,1,0.05812162998341763
Node6-Bogota,35,True,False,True,-19.92611312866211,1,0.05812162998341763
Node6-Bogota,36,True,False,True,-19.91353416442871,1,0.05812162998341763
Node6-Bogota,37,True,False,True,-20.007362365722656,0,-0.06609707654908646
Node6-Bogota,38,True,False,True,-20.168214797973633,0,-0.06609707654908646
Node6-Bogota,39,True,False,True,-18.910704612731934,5,-0.07590915066327242
Node6-Bogota,40,True,False,True,-20.165939331054688,0,-0.06609707654908646
Node6-Bogota,41,True,False,True,-20.399724006652832,0,-0.06609707654908646
Node6-Bogota,42,True,False,True,-19.891098976135254,2,0.08660518291384672
Node6-Bogota,43,True,False,True,-19.786645889282227,3,0.015908204307851864
Node6-Bogota,44,True,False,False,-19.102667808532715,5,-0.07590915066327242
Node6-Bogota,45,True,False,True,-19.759602546691895,3,0.015908204307851864
Node6-Bogota,46,True,False,True,-19.57327365875244,5,-0.07590915066327242
Node6-Bogota,47,True,False,True,-19.89302635192871,1,0.05812162998341763
Node6-Bogota,48,True,False,True,-19.8055477142334,3,0.015908204307851864
Node6-Bogota,49,True,False,True,-19.968029022216797,1,0.05812162998341763
Node6-Bogota,50,True,False,True,-19.630322456359863,4,-0.06899669188861701
Node6-Bogota,51,True,False,True,-19.310195922851562,5,-0.07590915066327242
Node6-Bogota,52,True,False,True,-19.494924545288086,5,-0.07590915066327242
Node6-Bogota,53,True,False,True,-19.573688507080078,5,-0.07590915066327242
Node6-Bogota,54,True,False,True,-19.673213958740234,4,-0.06899669188861701
Node6-Bogota,55,True,False,True,-19.548380851745605,5,-0.07590915066327242
Node6-Bogota,56,True,False,True,-19.68808078765869,4,-0.06899669188861701
Node6-Bogota,57,True,False,True,-19.787504196166992,3,0.015908204307851864
Node6-Bogota,58,True,False,True,-19.637630462646484,4,-0.06899669188861701
Node6-Bogota,59,True,False,True,-19.925889015197754,1,0.05812162998341763
Node6-Bogota,60,True,False,True,-19.96213150024414,1,0.05812162998341763
Node6-Bogota,61,True,False,True,-19.891489028930664,2,0.08660518291384672
Node6-Bogota,62,True,False,True,-19.74623680114746,3,0.015908204307851864
Node6-Bogota,63,True,False,True,-19.88811492919922,2,0.08660518291384672
Node6-Bogota,64,True,False,True,-20.006096839904785,0,-0.06609707654908646
Node6-Bogota,65,True,False,True,-19.9359712600708,1,0.05812162998341763
Node6-Bogota,66,True,False,True,-19.44953155517578,5,-0.07590915066327242
Node6-Bogota,67,True,False,True,-19.75836181640625,3,0.015908204307851864
Node6-Bogota,68,True,False,True,-19.88701820373535,2,0.08660518291384672
Node6-Bogota,69,True,False,True,-19.701722145080566,4,-0.06899669188861701
Node6-Bogota,70,True,False,True,-19.8622407913208,2,0.08660518291384672
Node6-Bogota,71,True,False,True,-19.844731330871582,2,0.08660518291384672
Node6-Bogota,72,True,False,True,-19.743523597717285,4,-0.06899669188861701
Node6-Bogota,73,False,True,True,-20.24213409423828,0,-0.06609707654908646
Node6-Bogota,74,False,True,True,-19.779722213745117,3,0.015908204307851864
Node6-Bogota,75,False,True,True,-20.177502632141113,0,-0.06609707654908646
Node6-Bogota,76,False,True,True,-19.828551292419434,2,0.08660518291384672
Node6-Bogota,77,False,True,True,-20.011180877685547,0,-0.06609707654908646
Node6-Bogota,78,False,True,True,-20.05704689025879,0,-0.06609707654908646
Node6-Bogota,79,False,True,True,-19.837739944458008,2,0.08660518291384672
Node6-Bogota,80,False,True,True,-19.981179237365723,0,-0.06609707654908646
Node6-Bogota,81,False,True,True,-19.869184494018555,2,0.08660518291384672
Node6-Bogota,82,False,True,True,-19.843117713928223,2,0.08660518291384672
Node6-Bogota,83,False,True,True,-19.78593349456787,3,0.015908204307851864
Node6-Bogota,84,False,True,True,-19.588351249694824,4,-0.06899669188861701
Node6-Bogota,85,False,True,True,-19.50490379333496,5,-0.07590915066327242
Node6-Bogota,86,False,True,True,-19.50675392150879,5,-0.07590915066327242
Node6-Bogota,87,False,True,True,-19.7113037109375,4,-0.06899669188861701
Node6-Bogota,88,False,True,True,-19.749110221862793,3,0.015908204307851864
Node6-Bogota,89,False,True,True,-19.823745727539062,2,0.08660518291384672
Node6-Bogota,90,False,True,True,-19.394055366516113,5,-0.07590915066327242
Node6-Bogota,91,False,True,True,-19.95686626434326,1,0.05812162998341763
Node6-Bogota,92,False,True,True,-19.910938262939453,1,0.05812162998341763
Node6-Bogota,93,False,True,True,-19.954509735107422,1,0.05812162998341763
Node6-Bogota,94,False,True,True,-19.82728672027588,2,0.08660518291384672
Node6-Bogota,95,False,True,True,-19.73885726928711,4,-0.06899669188861701
Node6-Bogota,96,False,True,True,-19.484396934509277,5,-0.07590915066327242
Node6-Bogota,97,False,True,True,-19.81105136871338,2,0.08660518291384672
Node6-Bogota,98,False,True,True,-19.403263092041016,5,-0.07590915066327242
Node6-Bogota,99,False,True,True,-19.673611640930176,4,-0.06899669188861701
Node6-Bogota,100,False,True,True,-19.82428741455078,2,0.08660518291384672
Node6-Bogota,101,False,True,True,-19.77762794494629,3,0.015908204307851864
Node6-Bogota,102,False,True,True,-19.545970916748047,5,-0.07590915066327242
Node6-Bogota,103,False,True,True,-19.739359855651855,4,-0.06899669188861701
Node6-Bogota,104,False,True,True,-19.448296546936035,5,-0.07590915066327242
Node8-Bogota,0,True,False,True,-20.86689567565918,4,-0.09848371956699578
Node8-Bogota,1,True,False,True,-22.607218742370605,0,-0.13114029492518697
Node8-Bogota,2,True,False,True,-21.05131721496582,3,0.17767546620479857
Node8-Bogota,3,True,False,True,-19.994975090026855,5,0.006778724433839811
Node8-Bogota,4,True,False,True,-19.643128395080566,5,0.006778724433839811
Node8-Bogota,5,True,False,True,-21.239989280700684,1,0.15570339491201002
Node8-Bogota,6,True,False,True,-21.1682767868042,2,-0.15723377604817235
Node8-Bogota,7,True,False,True,-20.540444374084473,4,-0.09848371956699578
Node8-Bogota,8,True,False,False,-21.077797889709473,3,0.17767546620479857
Node8-Bogota,9,True,False,True,-21.53484344482422,0,-0.13114029492518697
Node8-Bogota,10,True,False,True,-21.308775901794434,0,-0.13114029492518697
Node8-Bogota,11,True,False,True,-19.87841033935547,5,0.006778724433839811
Node8-Bogota,12,True,False,False,-18.750761032104492,5,0.006778724433839811
Node8-Bogota,13,True,False,True,-20.94114589691162,3,0.17767546620479857
Node8-Bogota,14,True,False,True,-21.10713481903076,2,-0.15723377604817235
Node8-Bogota,15,True,False,True,-21.188786506652832,1,0.15570339491201002
Node8-Bogota,16,False,True,True,-21.15469455718994,2,-0.15723377604817235
Node8-Bogota,17,False,True,True,-20.726290702819824,4,-0.09848371956699578
Node8-Bogota,18,False,True,True,-20.80659008026123,4,-0.09848371956699578
Node8-Bogota,19,False,True,True,-19.71719741821289,5,0.006778724433839811
Node8-Bogota,20,False,True,True,-20.471948623657227,4,-0.09848371956699578
Node8-Bogota,21,False,True,True,-20.946707725524902,3,0.17767546620479857
Node8-Bogota,22,False,True,True,-20.95926284790039,3,0.17767546620479857
