node,row_idx,A_i_r_db,is_clean_row
Node1-Bogota,0,0.3451222677804304,True
Node1-Bogota,1,0.10028237975266141,True
Node1-Bogota,2,0.28976667304873627,True
Node1-Bogota,3,-0.09398328680343504,True
Node1-Bogota,4,0.5367933178149034,True
Node1-Bogota,5,,False
Node1-Bogota,6,0.16502129187045064,True
Node1-Bogota,7,0.2392810857427029,True
Node1-Bogota,8,,False
Node1-Bogota,9,0.06732677023540132,True
Node1-Bogota,10,0.2286575078668064,True
Node1-Bogota,11,-0.6725694265139108,True
Node1-Bogota,12,-0.4744667175981887,True
Node1-Bogota,13,0.2294239977274094,True
Node1-Bogota,14,-0.35673309033352557,True
Node1-Bogota,15,0.41804284542474746,True
Node1-Bogota,16,0.003831050125476701,True
Node1-Bogota,17,0.20175717833575516,True
Node1-Bogota,18,-0.0026002189422691807,True
Node1-Bogota,19,-0.2569311497825974,True
Node1-Bogota,20,0.2733527078158553,True
Node1-Bogota,21,-0.2742502566331023,True
Node1-Bogota,22,0.3887940620857374,True
Node1-Bogota,23,0.32959742853675594,True
Node1-Bogota,24,-0.17696156365417626,True
Node1-Bogota,25,0.06776413759679367,True
Node1-Bogota,26,-0.08257038862329369,True
Node1-Bogota,27,-0.2978696985464307,True
Node1-Bogota,28,0.47523947905404207,True
Node1-Bogota,29,0.6555828627736132,True
Node1-Bogota,30,0.03958848195758202,True
Node1-Bogota,31,-0.21614439001936767,True
Node1-Bogota,32,0.1923824634709607,True
Node1-Bogota,33,-0.022510223346617064,True
Node1-Bogota,34,0.35381974962064966,True
Node1-Bogota,35,-0.28116313948507526,True
Node1-Bogota,36,,False
Node1-Bogota,37,-0.22856605277920428,True
Node1-Bogota,38,0.27045485783581097,True
Node1-Bogota,39,0.30779122600022635,True
Node1-Bogota,40,0.550722981777144,True
Node1-Bogota,41,0.4540470352351941,True
Node1-Bogota,42,0.16114400245867377,True
Node1-Bogota,43,-0.3578935058770778,True
Node1-Bogota,44,-0.5720427209003822,True
Node1-Bogota,45,0.8200706962104256,True
Node1-Bogota,46,,False
Node1-Bogota,47,0.33603066075648436,True
Node1-Bogota,48,-0.03265804061675143,True
Node1-Bogota,49,-0.31997462402211624,True
Node1-Bogota,50,0.19791090478104623,True
Node1-Bogota,51,-0.6587776592081136,True
Node1-Bogota,52,-0.2853282281069468,True
Node1-Bogota,53,-0.18912187778056158,True
Node1-Bogota,54,-0.3148222326655651,True
Node1-Bogota,55,0.05300076772003671,True
Node1-Bogota,56,0.39756693164122425,True
Node1-Bogota,57,-0.008506840175037111,True
Node1-Bogota,58,-0.1907410150743321,True
Node1-Bogota,59,0.0884223482767229,True
Node1-Bogota,60,0.4535473970208692,True
Node1-Bogota,61,-0.5023689546961008,True
Node1-Bogota,62,0.4731192220418852,True
Node1-Bogota,63,0.2721021919447305,True
Node1-Bogota,64,-0.4408244596050317,True
Node1-Bogota,65,-0.11484930984841453,True
Node1-Bogota,66,-0.4622607309736114,True
Node1-Bogota,67,-0.6473203344248876,True
Node1-Bogota,68,0.3801856015361439,True
Node1-Bogota,69,0.22397906947013643,True
Node1-Bogota,70,-0.40224849423089326,True
Node1-Bogota,71,-0.2590524765172836,True
Node1-Bogota,72,-0.1762401561109901,True
Node1-Bogota,73,-0.5527325579072607,True
Node1-Bogota,74,-0.22666404428754777,True
Node1-Bogota,75,-0.7914587318285671,True
Node1-Bogota,76,-0.10828124219133307,True
Node1-Bogota,77,-0.24266680634730706,True
Node1-Bogota,78,-0.09838658385853245,True
Node1-Bogota,79,0.019097497187674894,True
Node1-Bogota,80,0.18313225646975972,True
Node1-Bogota,81,-0.33681645382471603,True
Node1-Bogota,82,-0.26570094407277933,True
Node1-Bogota,83,0.1641773538063914,True
Node1-Bogota,84,0.005491774950261985,True
Node1-Bogota,85,-0.06246751849161561,True
Node1-Bogota,86,-0.1996908713327989,True
Node1-Bogota,87,-0.08457349400755115,True
Node1-Bogota,88,-0.450398796297403,True
Node1-Bogota,89,-0.22829062337356779,True
Node1-Bogota,90,-0.527661649523737,True
Node1-Bogota,91,0.29182215046838406,True
Node1-Bogota,92,-0.3381858529108223,True
Node1-Bogota,93,0.0948188111143849,True
Node1-Bogota,94,0.30983089984594536,True
Node1-Bogota,95,0.022578525142709013,True
Node1-Bogota,96,0.18659185396877995,True
Node1-Bogota,97,0.009453995195222359,True
Node1-Bogota,98,,False
Node1-Bogota,99,-0.2078338450882706,True
Node1-Bogota,100,0.2970890983769048,True
Node1-Bogota,101,0.4398252634041873,True
Node1-Bogota,102,0.3044500599886498,True
Node1-Bogota,103,0.5768226151869112,True
Node1-Bogota,104,-0.20057174423959637,True
Node10-Bogota,0,0.4963227365541196,True
Node10-Bogota,1,,False
Node10-Bogota,2,-0.4707951433554213,True
Node10-Bogota,3,-0.14389585269975247,True
Node10-Bogota,4,1.2137285959551327,True
Node10-Bogota,5,0.24379493680514808,True
Node10-Bogota,6,0.19622232852355098,True
Node10-Bogota,7,,False
Node10-Bogota,8,,False
Node10-Bogota,9,0.408042921808014,True
Node10-Bogota,10,-0.8639525677532184,True
Node10-Bogota,11,0.30591320960559465,True
Node10-Bogota,12,-0.3244464549488706,True
Node10-Bogota,13,0.1215775108771327,True
Node10-Bogota,14,0.06391108788876018,True
Node10-Bogota,15,,False
Node10-Bogota,16,-0.48106871866596546,True
Node10-Bogota,17,0.09401389539823363,True
Node10-Bogota,18,-0.6966473776571853,True
Node10-Bogota,19,0.4247233708394899,True
Node10-Bogota,20,0.2536492442188385,True
Node10-Bogota,21,-0.2399372150243809,True
Node10-Bogota,22,0.39663079265011303,True
Node10-Bogota,23,0.0659759182637777,True
Node10-Bogota,24,-0.49420166852977576,True
Node10-Bogota,25,-0.4091920864763495,True
Node10-Bogota,26,-0.5766017356874716,True
Node10-Bogota,27,0.042226499652175786,True
Node10-Bogota,28,0.46887067853824305,True
Node10-Bogota,29,-0.7310288107887806,True
Node10-Bogota,30,,False
Node10-Bogota,31,-0.1780333130006287,True
Node10-Bogota,32,0.6351671907535967,True
Node10-Bogota,33,-0.2747885815982378,True
Node10-Bogota,34,-0.3936043612060037,True
Node10-Bogota,35,-0.45132834388196214,True
Node10-Bogota,36,0.4366768110108361,True
Node10-Bogota,37,0.01107447033485598,True
Node10-Bogota,38,-0.28038659870972793,True
Node10-Bogota,39,0.8368212881899098,True
Node10-Bogota,40,0.7471022417817081,True
Node10-Bogota,41,-0.30624190856000627,True
Node10-Bogota,42,0.20513202387288565,True
Node10-Bogota,43,-0.21361318863374013,True
Node10-Bogota,44,-0.8452707008099379,True
Node10-Bogota,45,0.3700566666142825,True
Node10-Bogota,46,-0.09076487373057504,True
Node10-Bogota,47,-0.01698873276096524,True
Node10-Bogota,48,-0.2109778658746356,True
Node10-Bogota,49,-0.5662705837137686,True
Node10-Bogota,50,0.40834571712721,True
Node10-Bogota,51,-0.7137906363664719,True
Node10-Bogota,52,0.24889647114113622,True
Node10-Bogota,53,0.09082128027272582,True
Node10-Bogota,54,-0.7344969804423573,True
Node10-Bogota,55,0.09558068823978333,True
Node10-Bogota,56,-0.05634064680417045,True
Node10-Bogota,57,0.13124306432773644,True
Node10-Bogota,58,-0.18059603644595523,True
Node10-Bogota,59,0.30107400384003974,True
Node10-Bogota,60,0.44409803795925873,True
Node10-Bogota,61,-0.4819316737282357,True
Node10-Bogota,62,0.2849167471774527,True
Node10-Bogota,63,0.29621661264926,True
Node10-Bogota,64,-0.36280709971492053,True
Node10-Bogota,65,0.11593732406966875,True
Node10-Bogota,66,0.27288486898108355,True
Node10-Bogota,67,-1.0864419458934393,True
Node10-Bogota,68,0.08374029218666001,True
Node10-Bogota,69,0.7021706042296065,True
Node10-Bogota,70,-0.1695830378492971,True
Node10-Bogota,71,-0.21256807841917627,True
Node10-Bogota,72,0.5479191331356144,True
Node10-Bogota,73,,False
Node10-Bogota,74,0.41416250799684934,True
Node10-Bogota,75,-0.9989616666778316,True
Node10-Bogota,76,0.14328607482359684,True
Node10-Bogota,77,-0.21951286775034212,True
Node10-Bogota,78,-0.5197556820575052,True
Node10-Bogota,79,-0.14362156493141098,True
Node10-Bogota,80,-0.016208199529048173,True
Node10-Bogota,81,-0.7354158499357024,True
Node10-Bogota,82,-0.1034335396544766,True
Node10-Bogota,83,-0.09717255889758042,True
Node10-Bogota,84,-0.08310241534902163,True
Node10-Bogota,85,0.11262931317267899,True
Node10-Bogota,86,-0.07838493500932797,True
Node10-Bogota,87,0.23987699670079837,True
Node10-Bogota,88,-0.4750001570408044,True
Node10-Bogota,89,-0.08870837743410373,True
Node10-Bogota,90,-0.15839436928729372,True
Node10-Bogota,91,0.059255242477141506,True
Node10-Bogota,92,-0.5288458057045098,True
Node10-Bogota,93,0.18606777367743363,True
Node10-Bogota,94,-0.27880578191747396,True
Node10-Bogota,95,0.2910200130642955,True
Node10-Bogota,96,0.26623102594632664,True
Node10-Bogota,97,0.09042573161922379,True
Node10-Bogota,98,0.11968590666918172,True
Node10-Bogota,99,-0.00400751885311898,True
Node10-Bogota,100,0.16549923434219035,True
Node10-Bogota,101,-0.056084007353207704,True
Node10-Bogota,102,0.4594338067180991,True
Node10-Bogota,103,-0.27563732330656515,True
Node2-Bogota,0,0.494561567841753,True
Node2-Bogota,1,0.5920387501629225,True
Node2-Bogota,2,0.39207796279586393,True
Node2-Bogota,3,0.15896016077665476,True
Node2-Bogota,4,0.1275032723780666,True
Node2-Bogota,5,0.5431457120043667,True
Node2-Bogota,6,0.24636894813797489,True
Node2-Bogota,7,0.4047363654807884,True
Node2-Bogota,8,,False
Node2-Bogota,9,0.36732097606248953,True
Node2-Bogota,10,0.20492373676581116,True
Node2-Bogota,11,0.0014314835557643901,True
Node2-Bogota,12,,False
Node2-Bogota,13,0.24231808797901855,True
Node2-Bogota,14,-0.040984070375647635,True
Node2-Bogota,15,0.4495940297225751,True
Node2-Bogota,16,0.005136165901096029,True
Node2-Bogota,17,-0.0769573302882649,True
Node2-Bogota,18,0.02345671719230541,True
Node2-Bogota,19,-0.3704362134097744,True
Node2-Bogota,20,0.31697354276087597,True
Node2-Bogota,21,-0.3425858514780294,True
Node2-Bogota,22,0.5083090619360049,True
Node2-Bogota,23,0.4267569264041866,True
Node2-Bogota,24,-0.06083339641502242,True
Node2-Bogota,25,-0.31118059725822617,True
Node2-Bogota,26,0.3279124476976268,True
Node2-Bogota,27,0.1095377786477103,True
Node2-Bogota,28,-0.10964701244471423,True
Node2-Bogota,29,0.045723242309185674,True
Node2-Bogota,30,,False
Node2-Bogota,31,0.09661810166093537,True
Node2-Bogota,32,-0.2166874956644952,True
Node2-Bogota,33,-0.37391401730071017,True
Node2-Bogota,34,0.16386428123300462,True
Node2-Bogota,35,-0.3546697956931848,True
Node2-Bogota,36,,False
Node2-Bogota,37,-0.31743375847790845,True
Node2-Bogota,38,0.07482311188466034,True
Node2-Bogota,39,-0.18722771618805795,True
Node2-Bogota,40,-0.14838908180315682,True
Node2-Bogota,41,0.13585711487852797,True
Node2-Bogota,42,-0.2539907871094357,True
Node2-Bogota,43,-0.43735705372979505,True
Node2-Bogota,44,-0.5520724494643214,True
Node2-Bogota,45,0.33893269175049445,True
Node2-Bogota,46,-0.23253062977994468,True
Node2-Bogota,47,0.18915807129586648,True
Node2-Bogota,48,-0.3849495232448543,True
Node2-Bogota,49,-0.26227593014768497,True
Node2-Bogota,50,0.2106723321484115,True
Node2-Bogota,51,-0.6922363545486828,True
Node2-Bogota,52,-0.264218887741123,True
Node2-Bogota,53,-0.5808850222077693,True
Node2-Bogota,54,-0.11433048545632316,True
Node2-Bogota,55,-0.3164677127852734,True
Node2-Bogota,56,-0.0029632157782414903,True
Node2-Bogota,57,-0.3206932732293719,True
Node2-Bogota,58,-0.5379794943963853,True
Node2-Bogota,59,-0.18777960114065856,True
Node2-Bogota,60,0.3195239912407095,True
Node2-Bogota,61,-0.34492433339272,True
Node2-Bogota,62,0.11731495241026879,True
Node2-Bogota,63,-0.06509500445863237,True
Node2-Bogota,64,-0.2253201427799235,True
Node2-Bogota,65,-0.09773466298687009,True
Node2-Bogota,66,0.03829909436353339,True
Node2-Bogota,67,,False
Node2-Bogota,68,0.22107866666950077,True
Node2-Bogota,69,0.17014626532153293,True
Node2-Bogota,70,-0.2629744337961251,True
Node2-Bogota,71,-0.2275856657471106,True
Node2-Bogota,72,0.27931057717794894,True
Node2-Bogota,73,-0.0704535815505262,True
Node2-Bogota,74,-0.2558275236874015,True
Node2-Bogota,75,-0.5358559709730085,True
Node2-Bogota,76,0.19840014363152403,True
Node2-Bogota,77,-0.07357857110072197,True
Node2-Bogota,78,-0.16151437346623398,True
Node2-Bogota,79,0.0977941058728467,True
Node2-Bogota,80,0.1516827309345436,True
Node2-Bogota,81,-0.49902100581501524,True
Node2-Bogota,82,-0.4771186394827811,True
Node2-Bogota,83,0.12307116811596439,True
Node2-Bogota,84,0.18895096881320206,True
Node2-Bogota,85,0.08672586005554672,True
Node2-Bogota,86,-0.3961606390021713,True
Node2-Bogota,87,-0.12921030425128702,True
Node2-Bogota,88,-0.4546353411151382,True
Node2-Bogota,89,0.10940221888591191,True
Node2-Bogota,90,0.1556860087428577,True
Node2-Bogota,91,0.7182569642134713,True
Node2-Bogota,92,0.5547646792790714,True
Node2-Bogota,93,0.1231395103388998,True
Node2-Bogota,94,-0.09018190171421958,True
Node2-Bogota,95,0.03695629256681972,True
Node2-Bogota,96,0.6959703671577933,True
Node2-Bogota,97,0.6941627231649878,True
Node2-Bogota,98,-0.4704757683089797,True
Node2-Bogota,99,-0.00437936343159831,True
Node2-Bogota,100,0.6759817731725077,True
Node2-Bogota,101,0.4092506350121326,True
Node2-Bogota,102,0.5650260037431711,True
Node2-Bogota,103,0.14634692940117333,True
Node2-Bogota,104,-0.10303697693911251,True
Node3-Bogota,0,0.45039678889567614,True
Node3-Bogota,1,-0.28214039498208876,True
Node3-Bogota,2,0.30430537250025574,True
Node3-Bogota,3,0.5276849196161274,True
Node3-Bogota,4,0.7550232166997226,True
Node3-Bogota,5,0.15186770938475797,True
Node3-Bogota,6,-0.07330512625862792,True
Node3-Bogota,7,0.027838930997305944,True
Node3-Bogota,8,0.045061835728734345,True
Node3-Bogota,9,-0.2845977634292584,True
Node3-Bogota,10,-0.32812197635477647,True
Node3-Bogota,11,0.16356008476958017,True
Node3-Bogota,12,-0.5467703873518837,True
Node3-Bogota,13,0.17234049064573131,True
Node3-Bogota,14,-0.14506620133549858,True
Node3-Bogota,15,0.11138737255498724,True
Node3-Bogota,16,-0.49639356817098523,True
Node3-Bogota,17,0.020941654649274423,True
Node3-Bogota,18,-0.07745949175861011,True
Node3-Bogota,19,0.2798235021432238,True
Node3-Bogota,20,0.32238021013261314,True
Node3-Bogota,21,-0.3448548174487862,True
Node3-Bogota,22,0.24867672549357148,True
Node3-Bogota,23,0.10622544210715223,True
Node3-Bogota,24,-0.2717971022280439,True
Node3-Bogota,25,-0.1373840193146727,True
Node3-Bogota,26,0.2251883557006491,True
Node3-Bogota,27,0.15295862997912407,True
Node3-Bogota,28,0.7905514890086154,True
Node3-Bogota,29,0.43331213072093755,True
Node3-Bogota,30,0.9220419194584664,True
Node3-Bogota,31,-0.17106214573647682,True
Node3-Bogota,32,0.3953665612980487,True
Node3-Bogota,33,-0.5747477941419039,True
Node3-Bogota,34,-0.40218662278160433,True
Node3-Bogota,35,-0.42456543489458753,True
Node3-Bogota,36,0.04878951967104822,True
Node3-Bogota,37,-0.43066209636888514,True
Node3-Bogota,38,0.0006685226776039777,True
Node3-Bogota,39,1.0020043916064758,True
Node3-Bogota,40,-0.3398724538777085,True
Node3-Bogota,41,-0.2627070686357854,True
Node3-Bogota,42,0.27162225408288054,True
Node3-Bogota,43,-0.41338121747457734,True
Node3-Bogota,44,-0.6500602076650468,True
Node3-Bogota,45,0.9053047190942136,True
Node3-Bogota,46,-0.4284105170268948,True
Node3-Bogota,47,-0.16945101459556683,True
Node3-Bogota,48,-0.22050211625611937,True
Node3-Bogota,49,-0.809641383678672,True
Node3-Bogota,50,0.052274834681197264,True
Node3-Bogota,51,-0.4142078992178235,True
Node3-Bogota,52,0.43695805196148096,True
Node3-Bogota,53,-0.10862913866483215,True
Node3-Bogota,54,-0.4804795807401264,True
Node3-Bogota,55,0.44647231738218396,True
Node3-Bogota,56,0.20306167970378253,True
Node3-Bogota,57,0.4274525459048477,True
Node3-Bogota,58,0.07003933684688304,True
Node3-Bogota,59,0.20276087120981212,True
Node3-Bogota,60,0.6187513044153192,True
Node3-Bogota,61,-0.27489692392530385,True
Node3-Bogota,62,0.6288810621651999,True
Node3-Bogota,63,0.3612182693856778,True
Node3-Bogota,64,-0.34123037034018655,True
Node3-Bogota,65,0.13407945565518853,True
Node3-Bogota,66,0.08226848392949493,True
Node3-Bogota,67,-1.087703056067804,True
Node3-Bogota,68,0.3063246320332961,True
Node3-Bogota,69,0.37620392025417165,True
Node3-Bogota,70,-0.39716361136536094,True
Node3-Bogota,71,-0.2853775266772438,True
Node3-Bogota,72,-0.0757483735256479,True
Node3-Bogota,73,-0.8596860725963468,True
Node3-Bogota,74,-0.25170666617718374,True
Node3-Bogota,75,-1.0210764646210644,True
Node3-Bogota,76,-0.0537394698331031,True
Node3-Bogota,77,0.02196343231947462,True
Node3-Bogota,78,-0.2133328580647494,True
Node3-Bogota,79,0.08809449748546871,True
Node3-Bogota,80,0.25151329964029917,True
Node3-Bogota,81,-0.6861886939581088,True
Node3-Bogota,82,-0.06621060745414481,True
Node3-Bogota,83,-0.0548215430287633,True
Node3-Bogota,84,0.06225429477958472,True
Node3-Bogota,85,-0.07458478857710604,True
Node3-Bogota,86,-0.4385708099594805,True
Node3-Bogota,87,0.16494677458561996,True
Node3-Bogota,88,-0.4731505887571943,True
Node3-Bogota,89,-0.1832283709559107,True
Node3-Bogota,90,-0.47717666946482273,True
Node3-Bogota,91,-0.06344388192927464,True
Node3-Bogota,92,-0.6654835893314336,True
Node3-Bogota,93,0.24092378679308296,True
Node3-Bogota,94,-0.3247267189250105,True
Node3-Bogota,95,0.39041765982173227,True
Node3-Bogota,96,0.018660497200932213,True
Node3-Bogota,97,-0.06384693541857966,True
Node3-Bogota,98,-0.7398020419556655,True
Node3-Bogota,99,-0.18092371533281537,True
Node3-Bogota,100,0.029945316864724014,True
Node3-Bogota,101,0.3334611576151896,True
Node3-Bogota,102,0.4258281660987705,True
Node3-Bogota,103,-0.3665582834162784,True
Node3-Bogota,104,-0.13371987801506152,True
Node4-Bogota,0,0.5196364170975001,True
Node4-Bogota,1,-0.7222244120333451,True
Node4-Bogota,2,0.4470612371129479,True
Node4-Bogota,3,0.3474136566602648,True
Node4-Bogota,4,0.5998089749740761,True
Node4-Bogota,5,0.3526500506997238,True
Node4-Bogota,6,0.3282153582423609,True
Node4-Bogota,7,0.36093005478477236,True
Node4-Bogota,8,0.3168794104809416,True
Node4-Bogota,9,0.3499861931573256,True
Node4-Bogota,10,0.30945193449957853,True
Node4-Bogota,11,0.5150156449457672,True
Node4-Bogota,12,0.3038828962904919,True
Node4-Bogota,13,0.02098410596199196,True
Node4-Bogota,14,0.28492402115665616,True
Node4-Bogota,15,0.21895785158902092,True
Node4-Bogota,16,-0.1946728865655099,True
Node4-Bogota,17,0.09884917153897085,True
Node4-Bogota,18,-0.008124026863618156,True
Node4-Bogota,19,0.12763593974341703,True
Node4-Bogota,20,0.22623161670236622,True
Node4-Bogota,21,-0.1991667765361945,True
Node4-Bogota,22,-0.0625165366684749,True
Node4-Bogota,23,-0.16162033811851795,True
Node4-Bogota,24,-0.58507228049581,True
Node4-Bogota,25,0.08427410431740424,True
Node4-Bogota,26,-0.14188246313689679,True
Node4-Bogota,27,0.13890492119037184,True
Node4-Bogota,28,0.24558335446007767,True
Node4-Bogota,29,0.19104424118961721,True
Node4-Bogota,30,0.4873063630144413,True
Node4-Bogota,31,-0.27555310859108173,True
Node4-Bogota,32,0.20574788707601763,True
Node4-Bogota,33,-0.7125856165381081,True
Node4-Bogota,34,0.0393515960775169,True
Node4-Bogota,35,-0.6448292533292688,True
Node4-Bogota,36,0.0732410485852391,True
Node4-Bogota,37,0.021129915198293825,True
Node4-Bogota,38,-0.010586623222790997,True
Node4-Bogota,39,0.33731691786418805,True
Node4-Bogota,40,-0.361938694366391,True
Node4-Bogota,41,-0.0780877019881385,True
Node4-Bogota,42,-0.2042169401665231,True
Node4-Bogota,43,0.06924931741372847,True
Node4-Bogota,44,-0.31899877628607665,True
Node4-Bogota,45,0.3107450806914249,True
Node4-Bogota,46,-0.00609925278513429,True
Node4-Bogota,47,-0.19639323969836767,True
Node4-Bogota,48,0.12986445793389473,True
Node4-Bogota,49,-0.30804090903072695,True
Node4-Bogota,50,0.36831069119827253,True
Node4-Bogota,51,-0.24856342293548586,True
Node4-Bogota,52,-0.05168327942564052,True
Node4-Bogota,53,-0.20024653677308196,True
Node4-Bogota,54,-0.2840237100707288,True
Node4-Bogota,55,-0.2392276503637279,True
Node4-Bogota,56,0.2518191014355662,True
Node4-Bogota,57,0.14529921067947607,True
Node4-Bogota,58,0.23318572352266573,True
Node4-Bogota,59,0.02086181096270681,True
Node4-Bogota,60,-0.16871960752104798,True
Node4-Bogota,61,-0.5406279635761578,True
Node4-Bogota,62,-0.023881224801239997,True
Node4-Bogota,63,0.11551007464687793,True
Node4-Bogota,64,-0.31311214838760026,True
Node4-Bogota,65,-0.19058133843477754,True
Node4-Bogota,66,-0.05498941509652866,True
Node4-Bogota,67,-0.139970554758879,True
Node4-Bogota,68,0.0007799600067154577,True
Node4-Bogota,69,0.17670062091970723,True
Node4-Bogota,70,-0.2976330504009671,True
Node4-Bogota,71,-0.6412747989219507,True
Node4-Bogota,72,-0.10177354152211154,True
Node4-Bogota,73,,False
Node4-Bogota,74,-0.12044129640806239,True
Node4-Bogota,75,,False
Node4-Bogota,76,-0.2817562254785506,True
Node4-Bogota,77,0.12880514611033184,True
Node4-Bogota,78,-0.36627025936440005,True
Node4-Bogota,79,-0.022577205120804023,True
Node4-Bogota,80,-0.25846555081516653,True
Node4-Bogota,81,-0.7163026821368145,True
Node4-Bogota,82,-0.07291551001366994,True
Node4-Bogota,83,-0.16440915154525587,True
Node4-Bogota,84,-0.33456118703501303,True
Node4-Bogota,85,-0.1560020959295194,True
Node4-Bogota,86,-0.23959913165829638,True
Node4-Bogota,87,0.04506707874358525,True
Node4-Bogota,88,-0.364052282369172,True
Node4-Bogota,89,,False
Node4-Bogota,90,-0.14691196680273158,True
Node4-Bogota,91,0.045251452435935646,True
Node4-Bogota,92,0.07810977952516324,True
Node4-Bogota,93,0.33848120510484797,True
Node4-Bogota,94,-0.2828990921311423,True
Node4-Bogota,95,-0.04242954226496603,True
Node4-Bogota,96,0.1054680030967697,True
Node4-Bogota,97,0.10862566122305686,True
Node4-Bogota,98,-0.2713683556657783,True
Node4-Bogota,99,-0.03675150477513617,True
Node4-Bogota,100,0.19210050712489746,True
Node4-Bogota,101,-0.046909150138210065,True
Node4-Bogota,102,0.03329018746444004,True
Node4-Bogota,103,0.3376115768231678,True
Node4-Bogota,104,-0.06156106953793433,True
Node5-Bogota,0,0.6457038768595776,True
Node5-Bogota,1,,False
Node5-Bogota,2,0.6718829957353804,True
Node5-Bogota,3,0.5401223112973361,True
Node5-Bogota,4,0.7084108734478226,True
Node5-Bogota,5,0.530562884978504,True
Node5-Bogota,6,0.2693583033818452,True
Node5-Bogota,7,0.5069501379891024,True
Node5-Bogota,8,,False
Node5-Bogota,9,0.5069914014195767,True
Node5-Bogota,10,0.575975055941538,True
Node5-Bogota,11,0.5477267586191233,True
Node5-Bogota,12,0.5587257904605829,True
Node5-Bogota,13,-0.1939359764762309,True
Node5-Bogota,14,-0.040290609054872695,True
Node5-Bogota,15,0.3686138164090569,True
Node5-Bogota,16,-0.014918828525633254,True
Node5-Bogota,17,0.18236291419858697,True
Node5-Bogota,18,0.24862178992420345,True
Node5-Bogota,19,0.10216331235918029,True
Node5-Bogota,20,0.4887966122139192,True
Node5-Bogota,21,-0.19302512381709222,True
Node5-Bogota,22,0.4441705695833794,True
Node5-Bogota,23,0.1173670353012903,True
Node5-Bogota,24,-0.4899104226222655,True
Node5-Bogota,25,-0.03771306810662042,True
Node5-Bogota,26,0.4368966519295294,True
Node5-Bogota,27,-0.12355480379505579,True
Node5-Bogota,28,0.3829125561449985,True
Node5-Bogota,29,0.2148890061600468,True
Node5-Bogota,30,0.28351661975021986,True
Node5-Bogota,31,0.15094509856835653,True
Node5-Bogota,32,0.40691020134865225,True
Node5-Bogota,33,-0.40038666175981974,True
Node5-Bogota,34,0.04313550756234409,True
Node5-Bogota,35,-0.395176041032131,True
Node5-Bogota,36,0.18452868828300406,True
Node5-Bogota,37,-0.22622755592076732,True
Node5-Bogota,38,0.25580794340349344,True
Node5-Bogota,39,0.6727572818912622,True
Node5-Bogota,40,-0.17512928271024353,True
Node5-Bogota,41,0.1348945118516284,True
Node5-Bogota,42,0.2739209672475382,True
Node5-Bogota,43,0.49966619173733584,True
Node5-Bogota,44,-0.22578709580083137,True
Node5-Bogota,45,0.4176250298860338,True
Node5-Bogota,46,-0.2166492389268807,True
Node5-Bogota,47,-0.2143345123217624,True
Node5-Bogota,48,-0.1378478810116197,True
Node5-Bogota,49,-0.38349454838042013,True
Node5-Bogota,50,0.06025577224665912,True
Node5-Bogota,51,-0.3634012433463703,True
Node5-Bogota,52,-0.3044485848173889,True
Node5-Bogota,53,-0.05861848458694163,True
Node5-Bogota,54,-0.2606874570512015,True
Node5-Bogota,55,-0.04026602559379128,True
Node5-Bogota,56,-0.011579173035005719,True
Node5-Bogota,57,-0.24410797907186035,True
Node5-Bogota,58,-0.35313899255408043,True
Node5-Bogota,59,0.21391857318679114,True
Node5-Bogota,60,0.12710688245652035,True
Node5-Bogota,61,-0.3229943485912574,True
Node5-Bogota,62,0.25194902576199696,True
Node5-Bogota,63,0.23568214351103256,True
Node5-Bogota,64,-0.15690822310694968,True
Node5-Bogota,65,-0.3195008975755324,True
Node5-Bogota,66,-0.3916912023447632,True
Node5-Bogota,67,-0.3395949446317225,True
Node5-Bogota,68,-0.057537133130184714,True
Node5-Bogota,69,-0.45974465144478815,True
Node5-Bogota,70,-0.2792672747124329,True
Node5-Bogota,71,-0.33010524780187905,True
Node5-Bogota,72,-0.02340916528176265,True
Node5-Bogota,73,-0.4322704360510629,True
Node5-Bogota,74,-0.05688422892889938,True
Node5-Bogota,75,-0.5783387407314478,True
Node5-Bogota,76,-0.29860357350629346,True
Node5-Bogota,77,0.2497352862507443,True
Node5-Bogota,78,-0.03967914193552601,True
Node5-Bogota,79,0.1335717949527364,True
Node5-Bogota,80,-0.24445402121353588,True
Node5-Bogota,81,-0.45352040061924936,True
Node5-Bogota,82,-0.148470606875359,True
Node5-Bogota,83,-0.05019568739615188,True
Node5-Bogota,84,-0.2347511505038216,True
Node5-Bogota,85,-0.683190531671677,True
Node5-Bogota,86,-0.5258290284778273,True
Node5-Bogota,87,-0.12892088902908638,True
Node5-Bogota,88,-0.4312283318971178,True
Node5-Bogota,89,-0.3151055595886958,True
Node5-Bogota,90,-0.7170014091454502,True
Node5-Bogota,91,-0.10420067657316054,True
Node5-Bogota,92,-0.4237344528518099,True
Node5-Bogota,93,0.29313623346226086,True
Node5-Bogota,94,-0.26920907366530245,True
Node5-Bogota,95,-0.06509594024743742,True
Node5-Bogota,96,-0.017795734470341246,True
Node5-Bogota,97,0.011287623557484416,True
Node5-Bogota,98,-0.35297683981366623,True
Node5-Bogota,99,-0.05894696838398647,True
Node5-Bogota,100,-0.10743132759361235,True
Node5-Bogota,101,-0.22682518557111322,True
Node5-Bogota,102,-0.018096064081193963,True
Node5-Bogota,103,,False
Node5-Bogota,104,-0.13214588430820778,True
Node6-Bogota,0,0.4134392577460123,True
Node6-Bogota,1,-0.26231411271390537,True
Node6-Bogota,2,0.31662899332270417,True
Node6-Bogota,3,0.4698567040023153,True
Node6-Bogota,4,0.6195186380094317,True
Node6-Bogota,5,0.4779596908306847,True
Node6-Bogota,6,0.20372561843778525,True
Node6-Bogota,7,0.35838145634368257,True
Node6-Bogota,8,0.304647193327684,True
Node6-Bogota,9,0.25871677839514795,True
Node6-Bogota,10,-0.20097776502093523,True
Node6-Bogota,11,0.7481507871364386,True
Node6-Bogota,12,-0.11017453834410551,True
Node6-Bogota,13,0.3341012059811248,True
Node6-Bogota,14,-0.05258316921820544,True
Node6-Bogota,15,0.2345951820113965,True
Node6-Bogota,16,-0.2934747763823012,True
Node6-Bogota,17,0.0737458865099146,True
Node6-Bogota,18,-0.12216260369736026,True
Node6-Bogota,19,0.15573165109336698,True
Node6-Bogota,20,0.35993104556104427,True
Node6-Bogota,21,-0.26389768770268585,True
Node6-Bogota,22,0.3289743562146573,True
Node6-Bogota,23,0.17029249609107822,True
Node6-Bogota,24,-0.19346777414539684,True
Node6-Bogota,25,-0.17278657399985478,True
Node6-Bogota,26,0.0600399423958191,True
Node6-Bogota,27,-0.008944395632758728,True
Node6-Bogota,28,0.5493166943675314,True
Node6-Bogota,29,0.29948573672901524,True
Node6-Bogota,30,0.6625761071629227,True
Node6-Bogota,31,-0.057644192939939165,True
Node6-Bogota,32,0.33739563837128445,True
Node6-Bogota,33,-0.5551635089395351,True
Node6-Bogota,34,-0.21518821549912864,True
Node6-Bogota,35,-0.26688386379678786,True
Node6-Bogota,36,0.23816677827020638,True
Node6-Bogota,37,-0.26350301482503957,True
Node6-Bogota,38,0.3042887393624779,True
Node6-Bogota,39,0.7819367441204808,True
Node6-Bogota,40,-0.08612081587812737,True
Node6-Bogota,41,0.13368329829074443,True
Node6-Bogota,42,0.16218969921364257,True
Node6-Bogota,43,-0.09611043915373207,True
Node6-Bogota,44,,False
Node6-Bogota,45,1.105305032896577,True
Node6-Bogota,46,-0.2747370906217239,True
Node6-Bogota,47,-0.18366638543905328,True
Node6-Bogota,48,-0.30191840309291884,True
Node6-Bogota,49,-0.43422791519477477,True
Node6-Bogota,50,0.18531421816305632,True
Node6-Bogota,51,-0.6270315824849265,True
Node6-Bogota,52,0.015207752374326144,True
Node6-Bogota,53,-0.3251760805036005,True
Node6-Bogota,54,-0.5988566234616495,True
Node6-Bogota,55,0.0015044482949436722,True
Node6-Bogota,56,0.011599929151028254,True
Node6-Bogota,57,0.27274871376367527,True
Node6-Bogota,58,-0.2416686924349254,True
Node6-Bogota,59,0.1892236061676731,True
Node6-Bogota,60,0.750021280668637,True
Node6-Bogota,61,-0.3252695975185864,True
Node6-Bogota,62,0.6083386608401395,True
Node6-Bogota,63,0.28108535426848025,True
Node6-Bogota,64,-0.20498772149563127,True
Node6-Bogota,65,0.09956714771602138,True
Node6-Bogota,66,-0.32242733654232414,True
Node6-Bogota,67,-1.1005420239549517,True
Node6-Bogota,68,0.3229089682740137,True
Node6-Bogota,69,0.3145081187562123,True
Node6-Bogota,70,-0.33410623507531856,True
Node6-Bogota,71,-0.2716242768613916,True
Node6-Bogota,72,-0.1354407212012272,True
Node6-Bogota,73,-0.4508673100070083,True
Node6-Bogota,74,-0.27072655186600825,True
Node6-Bogota,75,-0.6056684531282512,True
Node6-Bogota,76,-0.21079722141243334,True
Node6-Bogota,77,0.020036819749082446,True
Node6-Bogota,78,-0.07993038036816735,True
Node6-Bogota,79,0.040001603312139866,True
Node6-Bogota,80,0.26185134450501174,True
Node6-Bogota,81,-0.6687116620344604,True
Node6-Bogota,82,-0.21334304302415086,True
Node6-Bogota,83,0.027980504773162163,True
Node6-Bogota,84,-0.21808130062067732,True
Node6-Bogota,85,-0.4527276646385709,True
Node6-Bogota,86,-0.34847774595332603,True
Node6-Bogota,87,-0.10873499165845413,True
Node6-Bogota,88,-0.6919346174321657,True
Node6-Bogota,89,-0.20432331779284676,True
Node6-Bogota,90,-0.6022827245067641,True
Node6-Bogota,91,-0.06449203095491503,True
Node6-Bogota,92,-0.6804128200628385,True
Node6-Bogota,93,0.537486408986372,True
Node6-Bogota,94,-0.20244971764549685,True
Node6-Bogota,95,0.1539198938057178,True
Node6-Bogota,96,0.03311855680608178,True
Node6-Bogota,97,-0.13368435736152984,True
Node6-Bogota,98,-0.5243389581630523,True
Node6-Bogota,99,-0.2886853032390564,True
Node6-Bogota,100,-0.06891164851166537,True
Node6-Bogota,101,0.15468325963556875,True
Node6-Bogota,102,0.04051813809617455,True
Node6-Bogota,103,-0.2575196529319559,True
Node6-Bogota,104,-0.3899539813528111,True
Node7-Bogota,0,0.0,True
Node7-Bogota,1,0.0,True
Node7-Bogota,2,0.0,True
Node7-Bogota,3,0.0,True
Node7-Bogota,4,0.0,True
Node7-Bogota,5,0.0,True
Node7-Bogota,6,0.0,True
Node7-Bogota,7,0.0,True
Node7-Bogota,8,0.0,True
Node7-Bogota,9,0.0,True
Node7-Bogota,10,0.0,True
Node7-Bogota,11,0.0,True
Node7-Bogota,12,0.0,True
Node7-Bogota,13,0.0,True
Node7-Bogota,14,0.0,True
Node7-Bogota,15,0.0,True
Node7-Bogota,16,0.0,True
Node7-Bogota,17,0.0,True
Node7-Bogota,18,0.0,True
Node7-Bogota,19,0.0,True
Node7-Bogota,20,0.0,True
Node7-Bogota,21,0.0,True
Node7-Bogota,22,0.0,True
Node7-Bogota,23,0.0,True
Node7-Bogota,24,0.0,True
Node7-Bogota,25,0.0,True
Node7-Bogota,26,0.0,True
Node7-Bogota,27,0.0,True
Node7-Bogota,28,0.0,True
Node7-Bogota,29,0.0,True
Node7-Bogota,30,0.0,True
Node7-Bogota,31,0.0,True
Node7-Bogota,32,0.0,True
Node7-Bogota,33,0.0,True
Node7-Bogota,34,0.0,True
Node7-Bogota,35,0.0,True
Node7-Bogota,36,0.0,True
Node7-Bogota,37,0.0,True
Node7-Bogota,38,0.0,True
Node7-Bogota,39,0.0,True
Node7-Bogota,40,0.0,True
Node7-Bogota,41,0.0,True
Node7-Bogota,42,0.0,True
Node7-Bogota,43,0.0,True
Node7-Bogota,44,0.0,True
Node7-Bogota,45,0.0,True
Node7-Bogota,46,0.0,True
Node7-Bogota,47,0.0,True
Node7-Bogota,48,0.0,True
Node7-Bogota,49,0.0,True
Node7-Bogota,50,0.0,True
Node7-Bogota,51,0.0,True
Node7-Bogota,52,0.0,True
Node7-Bogota,53,0.0,True
Node7-Bogota,54,0.0,True
Node7-Bogota,55,0.0,True
Node7-Bogota,56,0.0,True
Node7-Bogota,57,0.0,True
Node7-Bogota,58,0.0,True
Node7-Bogota,59,0.0,True
Node7-Bogota,60,0.0,True
Node7-Bogota,61,0.0,True
Node7-Bogota,62,0.0,True
Node7-Bogota,63,0.0,True
Node7-Bogota,64,0.0,True
Node7-Bogota,65,0.0,True
Node7-Bogota,66,0.0,True
Node7-Bogota,67,0.0,True
Node7-Bogota,68,0.0,True
Node7-Bogota,69,0.0,True
Node7-Bogota,70,0.0,True
Node7-Bogota,71,0.0,True
Node7-Bogota,72,0.0,True
Node7-Bogota,73,0.0,True
Node7-Bogota,74,0.0,True
Node7-Bogota,75,0.0,True
Node7-Bogota,76,0.0,True
Node7-Bogota,77,0.0,True
Node7-Bogota,78,0.0,True
Node7-Bogota,79,0.0,True
Node7-Bogota,80,0.0,True
Node7-Bogota,81,0.0,True
Node7-Bogota,82,0.0,True
Node7-Bogota,83,0.0,True
Node7-Bogota,84,0.0,True
Node7-Bogota,85,0.0,True
Node7-Bogota,86,0.0,True
Node7-Bogota,87,0.0,True
Node7-Bogota,88,0.0,True
Node7-Bogota,89,0.0,True
Node7-Bogota,90,0.0,True
Node7-Bogota,91,0.0,True
Node7-Bogota,92,0.0,True
Node7-Bogota,93,0.0,True
Node7-Bogota,94,0.0,True
Node7-Bogota,95,0.0,True
Node7-Bogota,96,0.0,True
Node7-Bogota,97,0.0,True
Node7-Bogota,98,0.0,True
Node7-Bogota,99,0.0,True
Node7-Bogota,100,0.0,True
Node7-Bogota,101,0.0,True
Node7-Bogota,102,0.0,True
Node7-Bogota,103,0.0,True
Node7-Bogota,104,0.0,True
Node8-Bogota,0,0.19391459832649788,True
Node8-Bogota,1,-0.2940004519178512,True
Node8-Bogota,2,0.32166186004257974,True
Node8-Bogota,3,-0.12051281915258558,True
Node8-Bogota,4,,False
Node8-Bogota,5,0.312898637069292,True
Node8-Bogota,6,0.020556239791338346,True
Node8-Bogota,7,-0.2639867084547619,True
Node8-Bogota,8,,False
Node8-Bogota,9,-0.05815499702390359,True
Node8-Bogota,10,-0.02376337969370838,True
Node8-Bogota,11,0.06973093844331885,True
Node8-Bogota,12,,False
Node8-Bogota,13,0.1668150544048903,True
Node8-Bogota,14,-0.1711580796045795,True
Node8-Bogota,15,0.16116715975320645,True
Node8-Bogota,16,-0.445999570484659,True
Node8-Bogota,17,-0.10237011506414058,True
Node8-Bogota,18,-0.2831571247037282,True
Node8-Bogota,19,0.08150535309978374,True
Node8-Bogota,20,0.19273120715282793,True
Node8-Bogota,21,-0.2685840422410254,True
Node8-Bogota,22,0.12533000821680174,True
Node9-Funza,0,,False
Node9-Funza,1,-0.49358919489710906,True
Node9-Funza,2,0.6214484688147132,True
Node9-Funza,3,0.5992714479684533,True
Node9-Funza,4,0.30351347790346617,True
Node9-Funza,5,-0.7664493345582765,True
Node9-Funza,6,0.033920993896320084,True
Node9-Funza,7,0.23799085316210744,True
Node9-Funza,8,0.2675946098495432,True
Node9-Funza,9,-0.14383699757421475,True
Node9-Funza,10,0.16456134677194678,True
Node9-Funza,11,0.8932993848631421,True
Node9-Funza,12,-0.06733474443007886,True
Node9-Funza,13,0.26320027715542227,True
Node9-Funza,14,-0.6742316295499137,True
Node9-Funza,15,0.5263728156334913,True
Node9-Funza,16,-0.08305327498865189,True
Node9-Funza,17,0.2725780278785783,True
Node9-Funza,18,-0.3327439589977014,True
Node9-Funza,19,0.5227603188405854,True
Node9-Funza,20,-0.6511710161165234,True
Node9-Funza,21,-0.618280953010894,True
Node9-Funza,22,0.3233344071054602,True
Node9-Funza,23,-0.4450076532988612,True
Node9-Funza,24,-0.4239521669067704,True
Node9-Funza,25,0.24404211488570826,True
Node9-Funza,26,0.17454074961034446,True
Node9-Funza,27,0.47275517843906156,True
Node9-Funza,28,-0.01936151297953209,True
Node9-Funza,29,,False
Node9-Funza,30,0.6608780684306967,True
Node9-Funza,31,,False
Node9-Funza,32,0.06830002398924179,True
Node9-Funza,33,-0.6497121490341753,True
Node9-Funza,34,0.1165001660452949,True
Node9-Funza,35,0.1429528502245035,True
Node9-Funza,36,-0.25725639887966745,True
Node9-Funza,37,-0.4642918765454106,True
Node9-Funza,38,-0.21910848021251167,True
Node9-Funza,39,0.785613468601726,True
Node9-Funza,40,,False
Node9-Funza,41,-0.03006080831570701,True
Node9-Funza,42,0.3346080249812079,True
Node9-Funza,43,-0.6023207148793885,True
Node9-Funza,44,-0.2577194199344084,True
Node9-Funza,45,1.2868788134278248,True
Node9-Funza,46,0.010907788020729836,True
Node9-Funza,47,-0.05408749808821192,True
Node9-Funza,48,-0.07142699824278279,True
Node9-Funza,49,-0.1829657606854932,True
Node9-Funza,50,0.34453776905521916,True
Node9-Funza,51,-0.07605055568839025,True
Node9-Funza,52,0.3066642923087882,True
Node9-Funza,53,-0.556177537668278,True
Node9-Funza,54,-0.5424778234186449,True
Node9-Funza,55,0.10467107842661144,True
Node9-Funza,56,-1.1861951265459805,True
Node9-Funza,57,0.3269663431842782,True
Node9-Funza,58,-0.7424253104291012,True
Node9-Funza,59,-0.0147574597965624,True
Node9-Funza,60,0.1667339387409228,True
Node9-Funza,61,-0.243975321122413,True
Node9-Funza,62,0.40286052307398285,True
Node9-Funza,63,-0.262730177589252,True
Node9-Funza,64,-0.4849746252211453,True
Node9-Funza,65,0.1349359220588191,True
Node9-Funza,66,-0.23455574040836008,True
Node9-Funza,67,-1.3966054611793564,True
Node9-Funza,68,0.08960735970316475,True
Node9-Funza,69,-0.06813465735355267,True
Node9-Funza,70,-0.38570632785301046,True
Node9-Funza,71,-0.22485125822713822,True
Node9-Funza,72,-0.18615220383197273,True
Node9-Funza,73,,False
Node9-Funza,74,0.611567631227495,True
Node9-Funza,75,,False
Node9-Funza,76,0.4846725503860356,True
Node9-Funza,77,-0.26886748077774775,True
Node9-Funza,78,0.05037290994053578,True
Node9-Funza,79,0.3976068866808685,True
Node9-Funza,80,0.16552492202668478,True
Node9-Funza,81,,False
Node9-Funza,82,0.11431262025776043,True
Node9-Funza,83,-0.004915680597153804,True
Node9-Funza,84,0.1531515311718814,True
Node9-Funza,85,-0.19722166754805348,True
Node9-Funza,86,-0.3626776901381507,True
Node9-Funza,87,0.3259081227017024,True
Node9-Funza,88,,False
Node9-Funza,89,-0.03315522402360155,True
Node9-Funza,90,-0.036475137441460914,True
Node9-Funza,91,0.17399304862896717,True
Node9-Funza,92,-0.36117637450575535,True
Node9-Funza,93,0.8629400486687293,True
Node9-Funza,94,-0.34013396199786,True
Node9-Funza,95,0.6013857402503625,True
Node9-Funza,96,-0.015730202976244667,True
Node9-Funza,97,-0.18029719411447426,True
Node9-Funza,98,-0.6628817387648034,True
Node9-Funza,99,0.13636667413834136,True
Node9-Funza,100,0.24396091957303268,True
Node9-Funza,101,0.7242918047281404,True
Node9-Funza,102,0.42099279196224537,True
Node9-Funza,103,-0.005562085561488822,True
Node9-Funza,104,0.6273034425957831,True
